driverId;code;firstname;surname;dob;nationality
1;HAM;Lewis;Hamilton;07/01/1985;British
2;HEI;Nick;Heidfeld;10/05/1977;German
3;ROS;Nico;Rosberg;27/06/1985;German
4;ALO;Fernando;Alonso;29/07/1981;Spanish
5;KOV;Heikki;Kovalainen;19/10/1981;Finnish
6;NAK;Kazuki;Nakajima;11/01/1985;Japanese
7;BOU;SÌ©bastien;Bourdais;28/02/1979;French
8;RAI;Kimi;RÌ_ikkÌ¦nen;17/10/1979;Finnish
9;KUB;Robert;Kubica;07/12/1984;Polish
10;GLO;Timo;Glock;18/03/1982;German
11;SAT;Takuma;Sato;28/01/1977;Japanese
12;PIQ;Nelson;Piquet Jr.;25/07/1985;Brazilian
13;MAS;Felipe;Massa;25/04/1981;Brazilian
14;COU;David;Coulthard;27/03/1971;British
15;TRU;Jarno;Trulli;13/07/1974;Italian
16;SUT;Adrian;Sutil;11/01/1983;German
17;WEB;Mark;Webber;27/08/1976;Australian
18;BUT;Jenson;Button;19/01/1980;British
19;DAV;Anthony;Davidson;18/04/1979;British
20;VET;Sebastian;Vettel;03/07/1987;German
21;FIS;Giancarlo;Fisichella;14/01/1973;Italian
22;BAR;Rubens;Barrichello;23/05/1972;Brazilian
23;SCH;Ralf;Schumacher;30/06/1975;German
24;LIU;Vitantonio;Liuzzi;06/08/1980;Italian
25;WUR;Alexander;Wurz;15/02/1974;Austrian
26;SPE;Scott;Speed;24/01/1983;American
27;ALB;Christijan;Albers;16/04/1979;Dutch
28;WIN;Markus;Winkelhock;13/06/1980;German
29;YAM;Sakon;Yamamoto;09/07/1982;Japanese
30;MSC;Michael;Schumacher;03/01/1969;German
31;MON;Juan;Pablo Montoya;20/09/1975;Colombian
32;KLI;Christian;Klien;07/02/1983;Austrian
33;TMO;Tiago;Monteiro;24/07/1976;Portuguese
34;IDE;Yuji;Ide;21/01/1975;Japanese
35;VIL;Jacques;Villeneuve;09/04/1971;Canadian
36;FMO;Franck;Montagny;05/01/1978;French
37;DLR;Pedro;de la Rosa;24/02/1971;Spanish
38;DOO;Robert;Doornbos;23/09/1981;Dutch
39;KAR;Narain;Karthikeyan;14/01/1977;Indian
40;FRI;Patrick;Friesacher;26/09/1980;Austrian
41;ZON;Ricardo;Zonta;23/03/1976;Brazilian
42;PIZ;AntÌ«nio;Pizzonia;11/09/1980;Brazilian
43;;Cristiano;da Matta;19/09/1973;Brazilian
44;;Olivier;Panis;02/09/1966;French
45;;Giorgio;Pantano;04/02/1979;Italian
46;;Gianmaria;Bruni;30/05/1981;Italian
47;;Zsolt;Baumgartner;01/01/1981;Hungarian
48;;Marc;GenÌ©;29/03/1974;Spanish
49;;Heinz-Harald;Frentzen;18/05/1967;German
50;;Jos;Verstappen;04/03/1972;Dutch
51;;Justin;Wilson;31/07/1978;British
52;;Ralph;Firman;20/05/1975;Irish
53;;Nicolas;Kiesa;03/03/1978;Danish
54;;Luciano;Burti;05/03/1975;Brazilian
55;;Jean;Alesi;11/06/1964;French
56;;Eddie;Irvine;10/11/1965;British
57;;Mika;HÌ_kkinen;28/09/1968;Finnish
58;;Tarso;Marques;19/01/1976;Brazilian
59;;Enrique;Bernoldi;19/10/1978;Brazilian
60;;GastÌ_n;Mazzacane;08/05/1975;Argentine
61;;TomÌÁÁ;Enge;11/09/1976;Czech
62;;Alex;Yoong;20/07/1976;Malaysian
63;;Mika;Salo;30/11/1966;Finnish
64;;Pedro;Diniz;22/05/1970;Brazilian
65;;Johnny;Herbert;25/06/1964;British
66;;Allan;McNish;29/12/1969;British
67;BUE;SÌ©bastien;Buemi;31/10/1988;Swiss
68;;Toranosuke;Takagi;12/02/1974;Japanese
69;BAD;Luca;Badoer;25/01/1971;Italian
70;;Alessandro;Zanardi;23/10/1966;Italian
71;;Damon;Hill;17/09/1960;British
72;;StÌ©phane;Sarrazin;02/11/1975;French
73;;Ricardo;Rosset;27/07/1968;Brazilian
74;;Esteban;Tuero;22/04/1978;Argentine
75;;Shinji;Nakano;01/04/1971;Japanese
76;MAG;Jan;Magnussen;04/07/1973;Danish
77;;Gerhard;Berger;27/08/1959;Austrian
78;;Nicola;Larini;19/03/1964;Italian
79;;Ukyo;Katayama;29/05/1963;Japanese
80;;Vincenzo;Sospiri;07/10/1966;Italian
81;;Gianni;Morbidelli;13/01/1968;Italian
82;;Norberto;Fontana;20/01/1975;Argentine
83;;Pedro;Lamy;20/03/1972;Portuguese
84;;Martin;Brundle;01/06/1959;British
85;;Andrea;Montermini;30/05/1964;Italian
86;;Giovanni;Lavaggi;18/02/1958;Italian
87;;Mark;Blundell;08/04/1966;British
88;;Aguri;Suzuki;08/09/1960;Japanese
89;;Taki;Inoue;05/09/1963;Japanese
90;;Roberto;Moreno;11/02/1959;Brazilian
91;;Karl;Wendlinger;20/12/1968;Austrian
92;;Bertrand;Gachot;23/12/1962;Belgian
93;;Domenico;Schiattarella;17/11/1967;Italian
94;;Pierluigi;Martini;23/04/1961;Italian
95;;Nigel;Mansell;08/08/1953;British
96;;Jean-Christophe;Boullion;27/12/1969;French
97;;Massimiliano;Papis;03/10/1969;Italian
98;;Jean-Denis;DÌ©lÌ©traz;01/10/1963;Swiss
99;;Gabriele;Tarquini;02/03/1962;Italian
100;;Ìärik;Comas;28/09/1963;French
101;;David;Brabham;05/09/1965;Australian
102;;Ayrton;Senna;21/03/1960;Brazilian
103;;Ìäric;Bernard;24/08/1964;French
104;;Christian;Fittipaldi;18/01/1971;Brazilian
105;;Michele;Alboreto;23/12/1956;Italian
106;;Olivier;Beretta;23/11/1969;Monegasque
107;;Roland;Ratzenberger;04/07/1960;Austrian
108;;Paul;Belmondo;23/04/1963;French
109;;Jyrki;JÌ_rvilehto;31/01/1966;Finnish
110;;Andrea;de Cesaris;31/05/1959;Italian
111;;Jean-Marc;Gounon;01/01/1963;French
112;;Philippe;Alliot;27/07/1954;French
113;;Philippe;Adams;19/11/1969;Belgian
114;;Yannick;Dalmas;28/07/1961;French
115;;Hideki;Noda;07/03/1969;Japanese
116;;Franck;Lagorce;01/09/1968;French
117;;Alain;Prost;24/02/1955;French
118;;Derek;Warwick;27/08/1954;British
119;;Riccardo;Patrese;17/04/1954;Italian
120;;Fabrizio;Barbazza;02/04/1963;Italian
121;;Michael;Andretti;05/10/1962;American
122;;Ivan;Capelli;24/05/1963;Italian
123;;Thierry;Boutsen;13/07/1957;Belgian
124;;Marco;Apicella;07/10/1965;Italian
125;;Emanuele;Naspetti;24/02/1968;Italian
126;;Toshio;Suzuki;10/03/1955;Japanese
127;;MaurÌ_cio;Gugelmin;20/04/1963;Brazilian
128;;Eric;van de Poele;30/09/1961;Belgian
129;;Olivier;Grouillard;02/09/1958;French
130;;Andrea;Chiesa;06/05/1964;Swiss
131;;Stefano;Modena;12/05/1963;Italian
132;;Giovanna;Amati;20/07/1959;Italian
133;;Alex;Caffi;18/03/1964;Italian
134;;Enrico;Bertaggia;19/09/1964;Italian
135;;Perry;McCarthy;03/03/1961;British
136;;Jan;Lammers;02/06/1956;Dutch
137;;Nelson;Piquet;17/08/1952;Brazilian
138;;Satoru;Nakajima;23/02/1953;Japanese
139;;Emanuele;Pirro;12/01/1962;Italian
140;;Stefan;Johansson;08/09/1956;Swedish
141;;Julian;Bailey;09/10/1961;British
142;;Pedro;Chaves;27/02/1965;Portuguese
143;;Michael;Bartels;08/03/1968;German
144;;Naoki;Hattori;13/06/1966;Japanese
145;;Alessandro;Nannini;07/07/1959;Italian
146;;Bernd;Schneider;20/07/1964;German
147;;Paolo;Barilla;20/04/1961;Italian
148;;Gregor;Foitek;27/03/1965;Swiss
149;;Claudio;Langes;20/07/1960;Italian
150;;Gary;Brabham;29/03/1961;Australian
151;;Martin;Donnelly;26/03/1964;British
152;;Bruno;Giacomelli;10/09/1952;Italian
153;ALG;Jaime;Alguersuari;23/03/1990;Spanish
154;GRO;Romain;Grosjean;17/04/1986;French
155;KOB;Kamui;Kobayashi;13/09/1986;Japanese
156;;Jonathan;Palmer;07/11/1956;British
157;;Christian;Danner;04/04/1958;German
158;;Eddie;Cheever;10/01/1958;American
159;;Luis;PÌ©rez-Sala;15/05/1959;Spanish
160;;Piercarlo;Ghinzani;16/01/1952;Italian
161;;Volker;Weidler;18/03/1962;German
162;;Pierre-Henri;Raphanel;27/05/1961;French
163;;RenÌ©;Arnoux;04/07/1948;French
164;;Joachim;Winkelhock;24/10/1960;German
165;;Oscar;Larrauri;19/08/1954;Argentine
166;;Philippe;Streiff;26/06/1955;French
167;;AdriÌÁn;Campos;17/06/1960;Spanish
168;;Jean-Louis;Schlesser;12/09/1948;French
169;;Pascal;Fabre;09/01/1960;French
170;;Teo;Fabi;09/03/1955;Italian
171;;Franco;Forini;22/09/1958;Swiss
172;;Jacques;Laffite;21/11/1943;French
173;;Elio;de Angelis;26/03/1958;Italian
174;;Johnny;Dumfries;26/04/1958;British
175;;Patrick;Tambay;25/06/1949;French
176;;Marc;Surer;18/09/1951;Swiss
177;;Keke;Rosberg;06/12/1948;Finnish
178;;Alan;Jones;02/11/1946;Australian
179;;Huub;Rothengatter;08/10/1954;Dutch
180;;Allen;Berg;01/08/1961;Canadian
181;;Manfred;Winkelhock;06/10/1951;German
182;;Niki;Lauda;22/02/1949;Austrian
183;;FranÌ¤ois;Hesnault;30/12/1956;French
184;;Mauro;Baldi;31/01/1954;Italian
185;;Stefan;Bellof;20/11/1957;German
186;;Kenny;Acheson;27/11/1957;British
187;;John;Watson;04/05/1946;British
188;;Johnny;Cecotto;25/01/1956;Venezuelan
189;;Jo;Gartner;24/01/1954;Austrian
190;;Corrado;Fabi;12/04/1961;Italian
191;;Mike;Thackwell;30/03/1961;New Zealander
192;;Chico;Serra;03/02/1957;Brazilian
193;;Danny;Sullivan;09/03/1950;American
194;;Eliseo;Salazar;14/11/1954;Chilean
195;;Roberto;Guerrero;16/11/1958;Colombian
196;;Raul;Boesel;04/12/1957;Brazilian
197;;Jean-Pierre;Jarier;10/07/1946;French
198;;Jacques;Villeneuve Sr.;04/11/1953;Canadian
199;;Carlos;Reutemann;12/04/1942;Argentine
200;;Jochen;Mass;30/09/1946;German
201;;Slim;Borgudd;25/11/1946;Swedish
202;;Didier;Pironi;26/03/1952;French
203;;Gilles;Villeneuve;18/01/1950;Canadian
204;;Riccardo;Paletti;15/06/1958;Italian
205;;Brian;Henton;19/09/1946;British
206;;Derek;Daly;11/03/1953;Irish
207;;Mario;Andretti;28/02/1940;American
208;;Emilio;de Villota;26/07/1946;Spanish
209;;Geoff;Lees;01/05/1951;British
210;;Tommy;Byrne;06/05/1958;Irish
211;;Rupert;Keegan;26/02/1955;British
212;;Hector;Rebaque;05/02/1956;Mexican
213;;Beppe;Gabbiani;02/01/1957;Italian
214;;Kevin;Cogan;31/03/1956;American
215;;Miguel Ìngel;Guerra;31/08/1953;Argentine
216;;Siegfried;Stohr;10/10/1952;Italian
217;;Ricardo;Zunino;13/04/1949;Argentine
218;;Ricardo;LondoÌ±o;08/08/1949;Colombian
219;;Jean-Pierre;Jabouille;01/10/1942;French
220;;Giorgio;Francia;08/11/1947;Italian
221;;Patrick;Depailler;09/08/1944;French
222;;Jody;Scheckter;29/01/1950;South African
223;;Clay;Regazzoni;05/09/1939;Swiss
224;;Emerson;Fittipaldi;12/12/1946;Brazilian
225;;Dave;Kennedy;15/01/1953;Irish
226;;Stephen;South;19/02/1952;British
227;;Tiff;Needell;29/10/1951;British
228;;DesirÌ©;Wilson;26/11/1953;South African
229;;Harald;Ertl;31/08/1948;Austrian
230;;Vittorio;Brambilla;11/11/1937;Italian
231;;James;Hunt;29/08/1947;British
232;;Arturo;Merzario;11/03/1943;Italian
233;;Hans-Joachim;Stuck;01/01/1951;German
234;;Gianfranco;Brancatelli;18/01/1950;Italian
235;;Jacky;Ickx;01/01/1945;Belgian
236;;Patrick;Gaillard;12/02/1952;French
237;;Alex;Ribeiro;07/11/1948;Brazilian
238;;Ronnie;Peterson;14/02/1944;Swedish
239;;Brett;Lunger;14/11/1945;American
240;;Danny;Ongais;21/05/1942;American
241;;Lamberto;Leoni;24/05/1953;Italian
242;;Divina;Galica;13/08/1944;British
243;;Rolf;Stommelen;11/07/1943;German
244;;Alberto;Colombo;23/02/1946;Italian
245;;Tony;Trimmer;24/01/1943;British
246;;Hans;Binder;12/06/1948;Austrian
247;;Michael;Bleekemolen;02/10/1949;Dutch
248;;Carlo;Franchi;01/01/1938;Italian
249;;Bobby;Rahal;10/01/1953;American
250;;Carlos;Pace;06/10/1944;Brazilian
251;;Ian;Scheckter;22/08/1947;South African
252;;Tom;Pryce;11/06/1949;British
253;;Ingo;Hoffmann;28/02/1953;Brazilian
254;;Renzo;Zorzi;12/12/1946;Italian
255;;Gunnar;Nilsson;20/11/1948;Swedish
256;;Larry;Perkins;18/03/1950;Australian
257;;Boy;Lunger;03/05/1949;Dutch
258;;Patrick;NÌ¬ve;13/10/1949;Belgian
259;;David;Purley;26/01/1945;British
260;;Conny;Andersson;28/12/1939;Swedish
261;;Bernard;de Dryver;19/09/1952;Belgian
262;;Jackie;Oliver;14/08/1942;British
263;;Mikko;Kozarowitzky;17/05/1948;Finnish
264;;Andy;Sutcliffe;09/05/1947;British
265;;Guy;Edwards;30/12/1942;British
266;;Brian;McGuire;13/12/1945;Australian
267;;Vern;Schuppan;19/03/1943;Australian
268;;Hans;Heyer;16/03/1943;German
269;;Teddy;Pilette;26/07/1942;Belgian
270;;Ian;Ashley;26/10/1947;British
271;;Loris;Kessel;01/04/1950;Swiss
272;;Kunimitsu;Takahashi;29/01/1940;Japanese
273;;Kazuyoshi;Hoshino;01/07/1947;Japanese
274;;Noritake;Takahara;06/06/1951;Japanese
275;;Lella;Lombardi;26/03/1941;Italian
276;;Bob;Evans;11/06/1947;British
277;;Michel;LeclÌ¬re;18/03/1946;French
278;;Chris;Amon;20/07/1943;New Zealander
279;;Emilio;Zapico;27/05/1944;Spanish
280;;Henri;Pescarolo;25/09/1942;French
281;;Jac;Nelleman;19/04/1944;Danish
282;;Damien;Magee;17/11/1945;British
283;;Mike;Wilds;07/01/1946;British
284;;Alessandro;Pesenti-Rossi;31/08/1942;Italian
285;;Otto;Stuppacher;03/03/1947;Austrian
286;;Warwick;Brown;24/12/1949;Australian
287;;Masahiro;Hasemi;13/11/1945;Japanese
288;;Mark;Donohue;18/03/1937;American
289;;Graham;Hill;15/02/1929;British
290;;Wilson;Fittipaldi;25/12/1943;Brazilian
291;;Guy;Tunmer;01/12/1948;South African
292;;Eddie;Keizan;12/09/1944;South African
293;;Dave;Charlton;27/10/1936;South African
294;;Tony;Brise;28/03/1952;British
295;;Roelof;Wunderink;12/12/1948;Dutch
296;;FranÌ¤ois;Migault;04/12/1944;French
297;;Torsten;Palm;23/07/1947;Swedish
298;;Gijs;van Lennep;16/03/1942;Dutch
299;;Hiroshi;Fushida;10/03/1946;Japanese
300;;John;Nicholson;06/10/1941;New Zealander
301;;Dave;Morgan;07/08/1944;British
302;;Jim;Crawford;13/02/1948;British
303;;Jo;Vonlanthen;31/05/1942;Swiss
304;;Denny;Hulme;18/06/1936;New Zealander
305;;Mike;Hailwood;02/04/1940;British
306;;Jean-Pierre;Beltoise;26/04/1937;French
307;;Howden;Ganley;24/12/1941;New Zealander
308;;Richard;Robarts;22/09/1944;British
309;;Peter;Revson;27/02/1939;American
310;;Paddy;Driver;13/05/1934;South African
311;;Tom;BelsÌü;27/08/1942;Danish
312;;Brian;Redman;09/03/1937;British
313;;Rikky;von Opel;14/10/1947;Liechtensteiner
314;;Tim;Schenken;26/09/1943;Australian
315;;GÌ©rard;Larrousse;23/05/1940;French
316;;Leo;Kinnunen;05/08/1943;Finnish
317;;Reine;Wisell;30/09/1941;Swedish
318;;Bertil;Roos;12/10/1943;Swedish
319;;JosÌ©;Dolhem;26/04/1944;French
320;;Peter;Gethin;21/02/1940;British
321;;Derek;Bell;31/10/1941;British
322;;David;Hobbs;09/06/1939;British
323;;Dieter;Quester;30/05/1939;Austrian
324;;Helmuth;Koinigg;03/11/1948;Austrian
325;;Carlo;Facetti;26/06/1935;Italian
326;;Eppie;Wietzes;28/05/1938;Canadian
327;;FranÌ¤ois;Cevert;25/02/1944;French
328;;Jackie;Stewart;11/06/1939;British
329;;Mike;Beuttler;13/04/1940;British
330;;Nanni;Galli;02/10/1940;Italian
331;;Luiz;Bueno;16/01/1937;Brazilian
332;;George;Follmer;27/01/1934;American
333;;Andrea;de Adamich;03/10/1941;Italian
334;;Jackie;Pretorius;22/11/1934;South African
335;;Roger;Williamson;02/02/1948;British
336;;Graham;McRae;05/03/1940;New Zealander
337;;Helmut;Marko;27/04/1943;Austrian
338;;David;Walker;10/06/1941;Australian
339;;Alex;Soler-Roig;29/10/1932;Spanish
340;;John;Love;07/12/1924;Rhodesian
341;;John;Surtees;11/02/1934;British
342;;Skip;Barber;16/11/1936;American
343;;Bill;Brack;26/12/1935;Canadian
344;;Sam;Posey;26/05/1944;American
345;;Pedro;RodrÌ_guez;18/01/1940;Mexican
346;;Jo;Siffert;07/07/1936;Swiss
347;;Jo;Bonnier;31/01/1930;Swedish
348;;FranÌ¤ois;Mazet;24/02/1943;French
349;;Max;Jean;27/07/1943;French
350;;Vic;Elford;10/06/1935;British
351;;Silvio;Moser;24/04/1941;Swiss
352;;George;Eaton;12/11/1945;Canadian
353;;Pete;Lovely;11/04/1926;American
354;;Chris;Craft;17/11/1939;British
355;;John;Cannon;21/06/1933;Canadian
356;;Jack;Brabham;02/04/1926;Australian
357;;John;Miles;14/06/1943;British
358;;Jochen;Rindt;18/04/1942;Austrian
359;;Johnny;Servoz-Gavin;18/01/1942;French
360;;Bruce;McLaren;30/08/1937;New Zealander
361;;Piers;Courage;27/05/1942;British
362;;Peter;de Klerk;16/03/1935;South African
363;;Ignazio;Giunti;30/08/1941;Italian
364;;Dan;Gurney;13/04/1931;American
365;;Hubert;Hahne;28/03/1935;German
366;;Gus;Hutchison;26/04/1937;American
367;;Peter;Westbury;26/05/1938;British
368;;Sam;Tingle;24/08/1921;Rhodesian
369;;Basil;van Rooyen;19/04/1939;South African
370;;Richard;Attwood;04/04/1940;British
371;;Al;Pease;15/10/1921;Canadian
372;;John;Cordts;23/07/1935;Canadian
373;;Jim;Clark;04/03/1936;British
374;;Mike;Spence;30/12/1936;British
375;;Ludovico;Scarfiotti;18/10/1933;Italian
376;BIA;Lucien;Bianchi;10/11/1934;Belgian
377;;Jo;Schlesser;18/05/1928;French
378;;Robin;Widdows;27/05/1942;British
379;;Kurt;Ahrens;19/04/1940;German
380;;Frank;Gardner;01/10/1930;Australian
381;;Bobby;Unser;20/02/1934;American
382;;MoisÌ©s;Solana;26/12/1935;Mexican
383;;Bob;Anderson;19/05/1931;British
384;;Luki;Botha;16/01/1930;South African
385;;Lorenzo;Bandini;21/12/1935;Italian
386;;Richie;Ginther;05/08/1930;American
387;;Mike;Parkes;24/09/1931;British
388;;Chris;Irwin;27/06/1942;British
389;;Guy;Ligier;12/07/1930;French
390;;Alan;Rees;12/01/1938;British
391;;Brian;Hart;07/09/1936;British
392;;Mike;Fisher;13/03/1943;American
393;;Tom;Jones;26/04/1943;American
394;;Giancarlo;Baghetti;25/12/1934;Italian
395;;Jonathan;Williams;26/10/1942;British
396;;Bob;Bondurant;27/04/1933;American
397;;Peter;Arundell;08/11/1933;British
398;;Vic;Wilson;14/04/1931;British
399;;John;Taylor;23/03/1933;British
400;;Chris;Lawrence;27/07/1933;British
401;;Trevor;Taylor;26/12/1936;British
402;;Giacomo;Russo;23/10/1937;Italian
403;;Phil;Hill;20/04/1927;American
404;;Innes;Ireland;12/06/1930;British
405;;Ronnie;Bucknum;05/04/1936;American
406;;Paul;Hawkins;12/10/1937;Australian
407;;David;Prophet;09/10/1937;British
408;;Tony;Maggs;09/02/1937;South African
409;;Trevor;Blokdyk;30/11/1935;South African
410;;Neville;Lederle;25/09/1938;South African
411;;Doug;Serrurier;09/12/1920;South African
412;;Brausch;Niemann;07/01/1939;South African
413;;Ernie;Pieterse;04/07/1938;South African
414;;Clive;Puzey;11/07/1941;Rhodesian
415;;Ray;Reed;;South African
416;;David;Clapham;18/05/1931;South African
417;;Alex;Blignaut;30/11/1932;South African
418;;Masten;Gregory;29/02/1932;American
419;;John;Rhodes;18/08/1927;British
420;;Ian;Raby;22/09/1921;British
421;;Alan;Rollinson;15/05/1943;British
422;;Brian;Gubby;17/04/1934;British
423;;Gerhard;Mitter;30/08/1935;German
424;;Roberto;Bussinello;04/10/1927;Italian
425;;Nino;Vaccarella;04/03/1933;Italian
426;;Giorgio;Bassi;20/01/1934;Italian
427;;Maurice;Trintignant;30/10/1917;French
428;;Bernard;Collomb;07/10/1930;French
429;;AndrÌ©;Pilette;06/10/1918;Belgian
430;;Carel Godin;de Beaufort;10/04/1934;Dutch
431;;Edgar;Barth;26/01/1917;German
432;;MÌÁrio de AraÌ¼jo;Cabral;15/01/1934;Portuguese
433;;Walt;Hansgen;28/10/1919;American
434;;Hap;Sharp;01/01/1928;American
435;;Willy;Mairesse;01/10/1928;Belgian
436;;John;Campbell-Jones;21/01/1930;British
437;;Ian;Burgess;06/07/1930;British
438;;Tony;Settember;10/07/1926;American
439;;Nasif;EstÌ©fano;18/11/1932;Argentine
440;;Jim;Hall;23/07/1935;American
441;;Tim;Parnell;25/06/1932;British
442;;Kurt;Kuhnke;30/04/1910;German
443;;Ernesto;Brambilla;31/01/1934;Italian
444;;Roberto;Lippi;17/10/1926;Italian
445;;GÌ_nther;Seiffert;18/10/1937;German
446;;Carlo;Abate;10/07/1932;Italian
447;;Gaetano;Starrabba;03/12/1932;Italian
448;;Peter;Broeker;15/05/1926;Canadian
449;;Rodger;Ward;10/01/1921;American
450;;Ernie;de Vos;01/07/1941;Dutch
451;;Frank;Dochnal;08/10/1920;American
452;;Thomas;Monarch;03/09/1945;American
842;GAS;Pierre;Gasly;07/02/1996;French
453;;Jackie;Lewis;01/11/1936;British
454;;Ricardo;RodrÌ_guez;14/02/1942;Mexican
455;;Wolfgang;Seidel;04/07/1926;German
456;;Roy;Salvadori;12/05/1922;British
457;;Ben;Pon;09/12/1936;Dutch
458;;Rob;Slotemaker;13/06/1929;Dutch
459;;Tony;Marsh;20/07/1931;British
460;;Gerry;Ashmore;25/07/1936;British
461;;Heinz;Schiller;25/01/1930;Swiss
462;;Colin;Davis;29/07/1933;British
463;;Jay;Chamberlain;29/12/1925;American
464;;Tony;Shelly;02/02/1937;New Zealander
465;;Keith;Greene;05/01/1938;British
466;;Heini;Walter;28/07/1927;Swiss
467;;Ernesto;Prinoth;15/04/1923;Italian
468;;Roger;Penske;20/02/1937;American
469;;Rob;Schroeder;11/05/1926;British
470;;Timmy;Mayer;22/02/1938;American
471;;Bruce;Johnstone;30/01/1937;South African
472;;Mike;Harris;25/05/1939;South African
473;;Gary;Hocking;30/09/1937;Rhodesian
474;;Syd;van der Vyver;01/06/1920;South African
475;;Stirling;Moss;17/09/1929;British
476;;Wolfgang;von Trips;04/05/1928;German
477;;Cliff;Allison;08/02/1932;British
478;;Hans;Herrmann;23/02/1928;German
479;;Tony;Brooks;25/02/1932;British
480;;Michael;May;18/08/1934;Swiss
481;;Henry;Taylor;16/12/1932;British
482;;Olivier;Gendebien;12/01/1924;Belgian
483;;Giorgio;Scarlatti;02/10/1921;Italian
484;;Brian;Naylor;24/03/1923;British
485;;Juan Manuel;Bordeu;28/01/1934;Argentine
486;;Jack;Fairman;15/03/1913;British
487;;Massimo;Natili;28/07/1935;Italian
488;;Peter;Monteverdi;07/06/1934;Swiss
489;;Renato;Pirocchi;26/03/1933;Italian
490;;Geoff;Duke;29/03/1923;British
491;;Alfonso;Thiele;05/04/1920;American-Italian
492;;Menato;Boffa;04/01/1930;Italian
493;;Peter;Ryan;10/06/1940;Canadian
494;;Lloyd;Ruby;12/01/1928;American
495;;Ken;Miles;01/11/1918;British
496;;Carlos;Menditeguy;10/08/1914;Argentine
497;;Alberto Rodriguez;Larreta;14/01/1934;Argentine
498;;JosÌ© FroilÌÁn;GonzÌÁlez;05/10/1922;Argentine
499;;Roberto;Bonomi;30/09/1919;Argentine
500;;Gino;Munaron;02/04/1928;Italian
501;;Harry;Schell;29/06/1921;American
502;;Alan;Stacey;29/08/1933;British
503;;Ettore;Chimeri;04/06/1921;Venezuelan
504;;Antonio;Creus;28/10/1924;Spanish
505;;Chris;Bristow;02/12/1937;British
506;;Bruce;Halford;18/05/1931;British
507;;Chuck;Daigh;29/11/1923;American
508;;Lance;Reventlow;24/02/1936;American
509;;Jim;Rathmann;16/07/1928;American
510;;Paul;Goldsmith;02/10/1925;American
511;;Don;Branson;02/06/1920;American
512;;Johnny;Thomson;09/04/1922;American
513;;Eddie;Johnson;10/02/1919;American
514;;Bob;Veith;01/11/1926;American
515;;Bud;Tingelstad;04/04/1928;American
516;;Bob;Christie;04/04/1924;American
517;;Red;Amick;19/01/1929;American
518;;Duane;Carter;05/05/1913;American
519;;Bill;Homeier;31/08/1918;American
520;;Gene;Hartley;28/01/1926;American
521;;Chuck;Stevenson;15/10/1919;American
522;;Bobby;Grim;04/09/1924;American
523;;Shorty;Templeman;12/08/1919;American
524;;Jim;Hurtubise;05/12/1932;American
525;;Jimmy;Bryan;28/01/1926;American
526;;Troy;Ruttman;11/03/1930;American
527;;Eddie;Sachs;28/05/1927;American
528;;Don;Freeland;25/03/1925;American
529;;Tony;Bettenhausen;12/09/1916;American
530;;Wayne;Weiler;09/12/1934;American
531;;Anthony;Foyt;16/01/1935;American
532;;Eddie;Russo;19/11/1925;American
533;;Johnny;Boyd;19/08/1926;American
534;;Gene;Force;15/06/1916;American
535;;Jim;McWithey;04/07/1927;American
536;;Len;Sutton;09/08/1925;American
537;;Dick;Rathmann;06/01/1924;American
538;;Al;Herman;15/03/1927;American
539;;Dempsey;Wilson;11/03/1927;American
540;;Mike;Taylor;24/04/1934;British
541;;Ron;Flockhart;16/06/1923;British
542;;David;Piper;02/12/1930;British
543;;Giulio;Cabianca;19/02/1923;Italian
544;;Piero;Drogo;08/08/1926;Italian
545;;Fred;Gamble;17/03/1932;American
546;;Arthur;Owen;23/03/1915;British
547;;Horace;Gould;20/09/1918;British
548;;Bob;Drake;14/12/1919;American
549;;Ivor;Bueb;06/06/1923;British
550;;Alain;de Changy;05/02/1922;Belgian
551;;Maria;de Filippis;11/11/1926;Italian
552;;Jean;Lucienbonnet;07/01/1923;French
553;;AndrÌ©;Testut;13/04/1926;Monegasque
554;;Jean;Behra;16/02/1921;French
555;;Paul;Russo;10/04/1914;American
556;;Jimmy;Daywalt;28/08/1924;American
557;;Chuck;Arnold;30/05/1926;American
558;;Al;Keller;11/04/1920;American
559;;Pat;Flaherty;06/01/1926;American
560;;Bill;Cheesbourg;12/06/1927;American
561;;Ray;Crawford;26/10/1915;American
562;;Jack;Turner;12/02/1920;American
563;;Chuck;Weyant;03/04/1923;American
564;;Jud;Larson;21/01/1923;American
565;;Mike;Magill;08/02/1920;American
566;;Carroll;Shelby;11/01/1923;American
567;;Fritz;d'Orey;25/03/1938;Brazilian
568;;Azdrubal;Fontes;26/12/1922;Uruguayan
569;;Peter;Ashdown;16/10/1934;British
570;;Bill;Moss;04/09/1933;British
571;;Dennis;Taylor;12/06/1921;British
572;;Harry;Blanchard;13/06/1929;American
573;;Alessandro;de Tomaso;10/07/1928;Argentine-Italian
574;;George;Constantine;22/02/1918;American
575;;Bob;Said;05/05/1932;American
576;;Phil;Cade;12/06/1916;American
577;;Luigi;Musso;28/07/1924;Italian
578;;Mike;Hawthorn;10/04/1929;British
579;;Juan;Fangio;24/06/1911;Argentine
580;;Paco;Godia;21/03/1921;Spanish
581;;Peter;Collins;06/11/1931;British
582;;Ken;Kavanagh;12/12/1923;Australian
583;;Gerino;Gerini;10/08/1928;Italian
584;;Bruce;Kessler;23/03/1936;American
585;;Paul;Emery;12/11/1916;British
586;;Luigi;Piotti;27/10/1913;Italian
587;;Bernie;Ecclestone;28/10/1930;British
588;;Luigi;Taramazzo;05/05/1932;Italian
589;;Louis;Chiron;1899-08-03;Monegasque
590;;Stuart;Lewis-Evans;20/04/1930;British
591;;George;Amick;24/10/1924;American
592;;Jimmy;Reece;17/11/1929;American
593;;Johnnie;Parsons;04/07/1918;American
594;;Johnnie;Tolan;22/10/1917;American
595;;Billy;Garrett;24/04/1933;American
596;;Ed;Elisian;09/12/1926;American
597;;Pat;O'Connor;09/10/1928;American
598;;Jerry;Unser;15/11/1932;American
599;;Art;Bisch;10/11/1926;American
600;;Christian;Goethals;04/08/1928;Belgian
601;;Dick;Gibson;16/04/1918;British
602;;Robert;La Caze;26/02/1917;French
603;;AndrÌ©;Guelfi;06/05/1919;French
604;;FranÌ¤ois;Picard;26/04/1921;French
605;;Tom;Bridger;24/06/1934;British
606;;Alfonso;de Portago;11/10/1928;Spanish
607;;Cesare;Perdisa;21/10/1932;Italian
608;;Eugenio;Castellotti;10/10/1930;Italian
609;;AndrÌ©;Simon;05/01/1920;French
610;;Les;Leston;16/12/1920;British
611;;Sam;Hanks;13/07/1914;American
612;;Andy;Linden;05/04/1922;American
613;;Marshall;Teague;22/02/1921;American
614;;Don;Edmunds;23/09/1930;American
615;;Fred;Agabashian;21/08/1913;American
616;;Elmer;George;15/07/1928;American
617;;Mike;MacDowel;13/09/1932;British
618;;Herbert;MacKay-Fraser;23/06/1927;American
619;;Bob;Gerard;19/01/1914;British
620;;Umberto;Maglioli;05/06/1928;Italian
621;;Paul;England;28/03/1929;Australian
622;;Chico;Landi;14/07/1907;Brazilian
623;;Alberto;Uria;11/07/1924;Uruguayan
624;;Hernando;da Silva Ramos;07/12/1925;Brazilian
625;;Ìälie;Bayol;28/02/1914;French
626;;Robert;Manzon;12/04/1917;French
627;;Louis;Rosier;05/11/1905;French
628;;Bob;Sweikert;20/05/1926;American
629;;Cliff;Griffith;06/02/1916;American
630;;Duke;Dinsmore;10/04/1913;American
631;;Keith;Andrews;15/06/1920;American
632;;Paul;FrÌ¬re;30/01/1917;Belgian
633;;Luigi;Villoresi;16/05/1909;Italian
634;;Piero;Scotti;11/11/1909;Italian
635;;Colin;Chapman;19/05/1928;British
636;;Desmond;Titterington;01/05/1928;British
637;;Archie;Scott Brown;13/05/1927;British
638;;Ottorino;Volonterio;07/12/1917;Swiss
639;;AndrÌ©;Milhoux;09/12/1928;Belgian
640;;Toulo;de Graffenried;18/05/1914;Swiss
641;;Piero;Taruffi;12/10/1906;Italian
642;;Nino;Farina;30/10/1906;Italian
643;;Roberto;Mieres;03/12/1924;Argentine
644;;Sergio;Mantovani;22/05/1929;Italian
645;;Clemar;Bucci;04/09/1920;Argentine
646;;JesÌ¼s;Iglesias;22/02/1922;Argentine
647;;Alberto;Ascari;13/07/1918;Italian
648;;Karl;Kling;16/09/1910;German
649;;Pablo;Birger;07/01/1924;Argentine
650;;Jacques;Pollet;02/07/1922;French
651;;Lance;Macklin;02/09/1919;British
652;;Ted;Whiteaway;01/11/1928;British
653;;Jimmy;Davies;08/08/1929;American
654;;Walt;Faulkner;16/02/1920;American
655;;Cal;Niday;29/04/1914;American
656;;Art;Cross;24/01/1918;American
657;;Bill;Vukovich;13/12/1918;American
658;;Jack;McGrath;08/10/1919;American
659;;Jerry;Hoyt;29/01/1929;American
660;;Johnny;Claes;11/08/1916;Belgian
661;;Peter;Walker;07/10/1912;British
662;;Mike;Sparken;16/06/1930;French
663;;Ken;Wharton;21/03/1916;British
664;;Kenneth;McAlpine;21/09/1920;British
665;;Leslie;Marr;14/08/1922;British
666;;Tony;Rolt;16/10/1918;British
667;;John;Fitch;04/08/1917;American
668;;Jean;Lucas;25/04/1917;French
669;;Prince;Bira;15/07/1914;Thai
670;;Onofre;MarimÌ_n;19/12/1923;Argentine
671;;Roger;Loyer;05/08/1907;French
672;;Jorge;Daponte;05/06/1923;Argentine
673;;Mike;Nazaruk;02/10/1921;American
674;;Larry;Crockett;23/10/1926;American
675;;Manny;Ayulo;20/10/1921;American
676;;Frank;Armi;12/10/1918;American
677;;Travis;Webb;08/10/1910;American
678;;Len;Duncan;25/07/1911;American
679;;Ernie;McCoy;19/02/1921;American
680;;Jacques;Swaters;30/10/1926;American
681;;Georges;Berger;14/09/1918;Belgian
682;;Don;Beauman;26/07/1928;British
683;;Leslie;Thorne;23/06/1916;British
684;;Bill;Whitehouse;01/04/1909;British
685;;John;Riseley-Prichard;17/01/1924;British
686;;Reg;Parnell;02/07/1911;British
687;;Peter;Whitehead;12/11/1914;British
688;;Eric;Brandon;18/07/1920;British
689;;Alan;Brown;20/11/1919;British
690;;Rodney;Nuckey;26/06/1929;British
691;;Hermann;Lang;06/04/1909;German
692;;Theo;Helfrich;13/05/1913;German
693;;Fred;Wacker;10/07/1918;American
694;;Giovanni;de Riu;10/03/1925;Italian
695;;Oscar;GÌÁlvez;17/08/1913;Argentine
696;;John;Barber;22/07/1929;British
697;;Felice;Bonetto;09/06/1903;Italian
698;;Adolfo;Cruz;28/06/1923;Argentine
699;;Duke;Nalon;02/03/1913;American
700;;Carl;Scarborough;03/07/1914;American
701;;Bill;Holland;18/12/1907;American
702;;Bob;Scott;04/10/1928;American
703;;Arthur;Legat;1898-11-01;Belgian
704;;Yves;Cabantous;08/10/1904;French
705;;Tony;Crook;16/02/1920;British
706;;Jimmy;Stewart;06/03/1931;British
707;;Ian;Stewart;15/07/1929;British
708;;Duncan;Hamilton;30/04/1920;British
709;;Ernst;Klodwig;23/05/1903;East German
710;;Rudolf;Krause;30/03/1907;East German
711;;Oswald;Karch;06/03/1917;German
712;;Willi;Heeks;13/02/1922;German
713;;Theo;Fitzau;10/02/1923;East German
714;;Kurt;Adolff;05/11/1921;German
715;;GÌ_nther;Bechem;21/12/1921;German
716;;Erwin;Bauer;17/07/1912;German
717;;Hans;von Stuck;27/12/1900;German
718;;Ernst;Loof;04/07/1907;German
719;;Albert;Scherrer;28/02/1908;Swiss
720;;Max;de Terra;06/10/1918;Swiss
721;;Peter;Hirt;30/03/1910;Swiss
722;;Piero;Carini;06/03/1921;Italian
723;;Rudi;Fischer;19/04/1912;Swiss
724;;Toni;Ulmen;25/01/1906;German
725;;George;Abecassis;21/03/1913;British
726;;George;Connor;16/08/1906;American
727;;Jim;Rigsby;06/06/1923;American
728;;Joe;James;23/05/1925;American
729;;Bill;Schindler;06/03/1909;American
730;;George;Fonder;22/06/1917;American
731;;Henry;Banks;14/06/1913;American
732;;Johnny;McDowell;29/01/1915;American
733;;Chet;Miller;19/07/1902;American
734;;Bobby;Ball;26/08/1925;American
735;;Charles;de Tornaco;07/06/1927;Belgian
736;;Roger;Laurent;21/02/1913;Belgian
737;;Robert;O'Brien;11/04/1908;American
738;;Tony;Gaze;03/02/1920;Australian
739;;Robin;Montgomerie-Charrington;23/06/1915;British
740;;Franco;Comotti;24/07/1906;Italian
741;;Philippe;Ìätancelin;1896-12-28;French
742;;Dennis;Poore;19/08/1916;British
743;;Eric;Thompson;04/11/1919;British
744;;Ken;Downing;05/12/1917;British
745;;Graham;Whitehead;15/04/1922;British
746;;Gino;Bianco;22/07/1916;Brazilian
747;;David;Murray;28/12/1909;British
748;;Eitel;Cantoni;04/10/1906;Uruguayan
749;;Bill;Aston;29/03/1900;British
750;;Adolf;Brudes;1899-10-15;German
751;;Fritz;Riess;11/07/1922;German
752;;Helmut;Niedermayr;29/11/1915;German
753;;Hans;Klenk;28/10/1919;German
754;;Marcel;Balsa;01/01/1909;French
755;;Rudolf;Schoeller;27/04/1902;Swiss
756;;Paul;Pietsch;20/06/1911;German
757;;Josef;Peters;16/09/1914;German
758;;Dries;van der Lof;23/08/1919;Dutch
759;;Jan;Flinterman;02/10/1919;Dutch
760;;Piero;Dusio;1899-10-13;Italian
761;;Alberto;Crespo;16/01/1920;Argentine
762;;Franco;Rol;05/06/1908;Italian
763;;Consalvo;Sanesi;28/03/1911;Italian
764;;Guy;Mairesse;10/08/1910;French
765;;Henri;Louveau;25/01/1910;French
766;;Lee;Wallard;07/09/1910;American
767;;Carl;Forberg;04/03/1911;American
768;;Mauri;Rose;26/05/1906;American
769;;Bill;Mackey;15/12/1927;American
770;;Cecil;Green;30/09/1919;American
771;;Walt;Brown;30/12/1911;American
772;;Mack;Hellings;14/09/1915;American
773;;Pierre;Levegh;22/12/1905;French
774;;EugÌ¬ne;Chaboud;12/04/1907;French
775;;Aldo;Gordini;20/05/1921;French
776;;Joe;Kelly;13/03/1913;Irish
777;;Philip;Fotheringham-Parker;22/09/1907;British
778;;Brian;Shawe Taylor;28/01/1915;British
779;;John;James;10/05/1914;British
780;;Toni;Branca;15/09/1916;Swiss
781;;Ken;Richardson;21/08/1911;British
782;;Juan;Jover;23/11/1903;Spanish
783;;Georges;Grignard;25/07/1905;French
784;;David;Hampshire;29/12/1917;British
785;;Geoff;Crossley;11/05/1921;British
786;;Luigi;Fagioli;1898-06-09;Italian
787;;Cuth;Harrison;06/07/1906;British
788;;Joe;Fry;26/10/1915;British
789;;EugÌ¬ne;Martin;24/03/1915;French
790;;Leslie;Johnson;22/03/1912;British
791;;Clemente;Biondetti;1898-08-18;Italian
792;;Alfredo;PiÌÁn;21/10/1912;Argentine
793;;Raymond;Sommer;31/08/1906;French
794;;Joie;Chitwood;14/04/1912;American
795;;Myron;Fohr;17/06/1912;American
796;;Walt;Ader;15/12/1913;American
797;;Jackie;Holmes;04/09/1920;American
798;;Bayliss;Levrett;14/02/1914;American
799;;Jimmy;Jackson;25/07/1910;American
800;;Nello;Pagani;11/10/1911;Italian
801;;Charles;Pozzi;27/08/1909;French
802;;Dorino;Serafini;22/07/1909;Italian
803;;Bill;Cantrell;31/01/1908;American
804;;Johnny;Mantz;18/09/1918;American
805;;Danny;Kladis;10/02/1917;American
806;;ÌÒscar;GonzÌÁlez;10/11/1923;Uruguayan
807;HUL;Nico;HÌ_lkenberg;19/08/1987;German
808;PET;Vitaly;Petrov;08/09/1984;Russian
810;DIG;Lucas;di Grassi;11/08/1984;Brazilian
811;SEN;Bruno;Senna;15/10/1983;Brazilian
812;CHA;Karun;Chandhok;19/01/1984;Indian
813;MAL;Pastor;Maldonado;09/03/1985;Venezuelan
814;DIR;Paul;di Resta;16/04/1986;British
815;PER;Sergio;PÌ©rez;26/01/1990;Mexican
816;DAM;JÌ©rÌ«me;d'Ambrosio;27/12/1985;Belgian
817;RIC;Daniel;Ricciardo;01/07/1989;Australian
818;VER;Jean-Ìäric;Vergne;25/04/1990;French
819;PIC;Charles;Pic;15/02/1990;French
820;CHI;Max;Chilton;21/04/1991;British
821;GUT;Esteban;GutiÌ©rrez;05/08/1991;Mexican
822;BOT;Valtteri;Bottas;28/08/1989;Finnish
823;VDG;Giedo;van der Garde;25/04/1985;Dutch
824;BIA;Jules;Bianchi;03/08/1989;French
825;MAG;Kevin;Magnussen;05/10/1992;Danish
826;KVY;Daniil;Kvyat;26/04/1994;Russian
827;LOT;AndrÌ©;Lotterer;19/11/1981;German
828;ERI;Marcus;Ericsson;02/09/1990;Swedish
829;STE;Will;Stevens;28/06/1991;British
830;VER;Max;Verstappen;30/09/1997;Dutch
831;NAS;Felipe;Nasr;21/08/1992;Brazilian
832;SAI;Carlos;Sainz;01/09/1994;Spanish
833;MER;Roberto;Merhi;22/03/1991;Spanish
834;RSS;Alexander;Rossi;25/09/1991;American
835;PAL;Jolyon;Palmer;20/01/1991;British
836;WEH;Pascal;Wehrlein;18/10/1994;German
837;HAR;Rio;Haryanto;22/01/1993;Indonesian
838;VAN;Stoffel;Vandoorne;26/03/1992;Belgian
839;OCO;Esteban;Ocon;17/09/1996;French
840;STR;Lance;Stroll;29/10/1998;Canadian
841;GIO;Antonio;Giovinazzi;14/12/1993;Italian
843;HAR;Brendon;Hartley;10/11/1989;New Zealander
