raceId;year;round;name;date
1;2009;1;Australian Grand Prix;2009-03-29
2;2009;2;Malaysian Grand Prix;2009-04-05
3;2009;3;Chinese Grand Prix;2009-04-19
4;2009;4;Bahrain Grand Prix;2009-04-26
5;2009;5;Spanish Grand Prix;2009-05-10
6;2009;6;Monaco Grand Prix;2009-05-24
7;2009;7;Turkish Grand Prix;2009-06-07
8;2009;8;British Grand Prix;2009-06-21
9;2009;9;German Grand Prix;2009-07-12
10;2009;10;Hungarian Grand Prix;2009-07-26
11;2009;11;European Grand Prix;2009-08-23
12;2009;12;Belgian Grand Prix;2009-08-30
13;2009;13;Italian Grand Prix;2009-09-13
14;2009;14;Singapore Grand Prix;2009-09-27
15;2009;15;Japanese Grand Prix;2009-10-04
16;2009;16;Brazilian Grand Prix;2009-10-18
17;2009;17;Abu Dhabi Grand Prix;2009-11-01
18;2008;1;Australian Grand Prix;2008-03-16
19;2008;2;Malaysian Grand Prix;2008-03-23
20;2008;3;Bahrain Grand Prix;2008-04-06
21;2008;4;Spanish Grand Prix;2008-04-27
22;2008;5;Turkish Grand Prix;2008-05-11
23;2008;6;Monaco Grand Prix;2008-05-25
24;2008;7;Canadian Grand Prix;2008-06-08
25;2008;8;French Grand Prix;2008-06-22
26;2008;9;British Grand Prix;2008-07-06
27;2008;10;German Grand Prix;2008-07-20
28;2008;11;Hungarian Grand Prix;2008-08-03
29;2008;12;European Grand Prix;2008-08-24
30;2008;13;Belgian Grand Prix;2008-09-07
31;2008;14;Italian Grand Prix;2008-09-14
32;2008;15;Singapore Grand Prix;2008-09-28
33;2008;16;Japanese Grand Prix;2008-10-12
34;2008;17;Chinese Grand Prix;2008-10-19
35;2008;18;Brazilian Grand Prix;2008-11-02
36;2007;1;Australian Grand Prix;2007-03-18
37;2007;2;Malaysian Grand Prix;2007-04-08
38;2007;3;Bahrain Grand Prix;2007-04-15
39;2007;4;Spanish Grand Prix;2007-05-13
40;2007;5;Monaco Grand Prix;2007-05-27
41;2007;6;Canadian Grand Prix;2007-06-10
42;2007;7;United States Grand Prix;2007-06-17
43;2007;8;French Grand Prix;2007-07-01
44;2007;9;British Grand Prix;2007-07-08
45;2007;10;European Grand Prix;2007-07-22
46;2007;11;Hungarian Grand Prix;2007-08-05
47;2007;12;Turkish Grand Prix;2007-08-26
48;2007;13;Italian Grand Prix;2007-09-09
49;2007;14;Belgian Grand Prix;2007-09-16
50;2007;15;Japanese Grand Prix;2007-09-30
51;2007;16;Chinese Grand Prix;2007-10-07
52;2007;17;Brazilian Grand Prix;2007-10-21
53;2006;1;Bahrain Grand Prix;2006-03-12
54;2006;2;Malaysian Grand Prix;2006-03-19
55;2006;3;Australian Grand Prix;2006-04-02
56;2006;4;San Marino Grand Prix;2006-04-23
57;2006;5;European Grand Prix;2006-05-07
58;2006;6;Spanish Grand Prix;2006-05-14
59;2006;7;Monaco Grand Prix;2006-05-28
60;2006;8;British Grand Prix;2006-06-11
61;2006;9;Canadian Grand Prix;2006-06-25
62;2006;10;United States Grand Prix;2006-07-02
63;2006;11;French Grand Prix;2006-07-16
64;2006;12;German Grand Prix;2006-07-30
65;2006;13;Hungarian Grand Prix;2006-08-06
66;2006;14;Turkish Grand Prix;2006-08-27
67;2006;15;Italian Grand Prix;2006-09-10
68;2006;16;Chinese Grand Prix;2006-10-01
69;2006;17;Japanese Grand Prix;2006-10-08
70;2006;18;Brazilian Grand Prix;2006-10-22
71;2005;1;Australian Grand Prix;2005-03-06
72;2005;2;Malaysian Grand Prix;2005-03-20
73;2005;3;Bahrain Grand Prix;2005-04-03
74;2005;4;San Marino Grand Prix;2005-04-24
75;2005;5;Spanish Grand Prix;2005-05-08
76;2005;6;Monaco Grand Prix;2005-05-22
77;2005;7;European Grand Prix;2005-05-29
78;2005;8;Canadian Grand Prix;2005-06-12
79;2005;9;United States Grand Prix;2005-06-19
80;2005;10;French Grand Prix;2005-07-03
81;2005;11;British Grand Prix;2005-07-10
82;2005;12;German Grand Prix;2005-07-24
83;2005;13;Hungarian Grand Prix;2005-07-31
84;2005;14;Turkish Grand Prix;2005-08-21
85;2005;15;Italian Grand Prix;2005-09-04
86;2005;16;Belgian Grand Prix;2005-09-11
87;2005;17;Brazilian Grand Prix;2005-09-25
88;2005;18;Japanese Grand Prix;2005-10-09
89;2005;19;Chinese Grand Prix;2005-10-16
90;2004;1;Australian Grand Prix;2004-03-07
91;2004;2;Malaysian Grand Prix;2004-03-21
92;2004;3;Bahrain Grand Prix;2004-04-04
93;2004;4;San Marino Grand Prix;2004-04-25
94;2004;5;Spanish Grand Prix;2004-05-09
95;2004;6;Monaco Grand Prix;2004-05-23
96;2004;7;European Grand Prix;2004-05-30
97;2004;8;Canadian Grand Prix;2004-06-13
98;2004;9;United States Grand Prix;2004-06-20
99;2004;10;French Grand Prix;2004-07-04
100;2004;11;British Grand Prix;2004-07-11
101;2004;12;German Grand Prix;2004-07-25
102;2004;13;Hungarian Grand Prix;2004-08-15
103;2004;14;Belgian Grand Prix;2004-08-29
104;2004;15;Italian Grand Prix;2004-09-12
105;2004;16;Chinese Grand Prix;2004-09-26
106;2004;17;Japanese Grand Prix;2004-10-10
107;2004;18;Brazilian Grand Prix;2004-10-24
108;2003;1;Australian Grand Prix;2003-03-09
109;2003;2;Malaysian Grand Prix;2003-03-23
110;2003;3;Brazilian Grand Prix;2003-04-06
111;2003;4;San Marino Grand Prix;2003-04-20
112;2003;5;Spanish Grand Prix;2003-05-04
113;2003;6;Austrian Grand Prix;2003-05-18
114;2003;7;Monaco Grand Prix;2003-06-01
115;2003;8;Canadian Grand Prix;2003-06-15
116;2003;9;European Grand Prix;2003-06-29
117;2003;10;French Grand Prix;2003-07-06
118;2003;11;British Grand Prix;2003-07-20
119;2003;12;German Grand Prix;2003-08-03
120;2003;13;Hungarian Grand Prix;2003-08-24
121;2003;14;Italian Grand Prix;2003-09-14
122;2003;15;United States Grand Prix;2003-09-28
123;2003;16;Japanese Grand Prix;2003-10-12
124;2002;1;Australian Grand Prix;2002-03-03
125;2002;2;Malaysian Grand Prix;2002-03-17
126;2002;3;Brazilian Grand Prix;2002-03-31
127;2002;4;San Marino Grand Prix;2002-04-14
128;2002;5;Spanish Grand Prix;2002-04-28
129;2002;6;Austrian Grand Prix;2002-05-12
130;2002;7;Monaco Grand Prix;2002-05-26
131;2002;8;Canadian Grand Prix;2002-06-09
132;2002;9;European Grand Prix;2002-06-23
133;2002;10;British Grand Prix;2002-07-07
134;2002;11;French Grand Prix;2002-07-21
135;2002;12;German Grand Prix;2002-07-28
136;2002;13;Hungarian Grand Prix;2002-08-18
137;2002;14;Belgian Grand Prix;2002-09-01
138;2002;15;Italian Grand Prix;2002-09-15
139;2002;16;United States Grand Prix;2002-09-29
140;2002;17;Japanese Grand Prix;2002-10-13
141;2001;1;Australian Grand Prix;2001-03-04
142;2001;2;Malaysian Grand Prix;2001-03-18
143;2001;3;Brazilian Grand Prix;2001-04-01
144;2001;4;San Marino Grand Prix;2001-04-15
145;2001;5;Spanish Grand Prix;2001-04-29
146;2001;6;Austrian Grand Prix;2001-05-13
147;2001;7;Monaco Grand Prix;2001-05-27
148;2001;8;Canadian Grand Prix;2001-06-10
149;2001;9;European Grand Prix;2001-06-24
150;2001;10;French Grand Prix;2001-07-01
151;2001;11;British Grand Prix;2001-07-15
152;2001;12;German Grand Prix;2001-07-29
153;2001;13;Hungarian Grand Prix;2001-08-19
154;2001;14;Belgian Grand Prix;2001-09-02
155;2001;15;Italian Grand Prix;2001-09-16
156;2001;16;United States Grand Prix;2001-09-30
157;2001;17;Japanese Grand Prix;2001-10-14
158;2000;1;Australian Grand Prix;2000-03-12
159;2000;2;Brazilian Grand Prix;2000-03-26
160;2000;3;San Marino Grand Prix;2000-04-09
161;2000;4;British Grand Prix;2000-04-23
162;2000;5;Spanish Grand Prix;2000-05-07
163;2000;6;European Grand Prix;2000-05-21
164;2000;7;Monaco Grand Prix;2000-06-04
165;2000;8;Canadian Grand Prix;2000-06-18
166;2000;9;French Grand Prix;2000-07-02
167;2000;10;Austrian Grand Prix;2000-07-16
168;2000;11;German Grand Prix;2000-07-30
169;2000;12;Hungarian Grand Prix;2000-08-13
170;2000;13;Belgian Grand Prix;2000-08-27
171;2000;14;Italian Grand Prix;2000-09-10
172;2000;15;United States Grand Prix;2000-09-24
173;2000;16;Japanese Grand Prix;2000-10-08
174;2000;17;Malaysian Grand Prix;2000-10-22
175;1999;1;Australian Grand Prix;1999-03-07
176;1999;2;Brazilian Grand Prix;1999-04-11
177;1999;3;San Marino Grand Prix;1999-05-02
178;1999;4;Monaco Grand Prix;1999-05-16
179;1999;5;Spanish Grand Prix;1999-05-30
180;1999;6;Canadian Grand Prix;1999-06-13
181;1999;7;French Grand Prix;1999-06-27
182;1999;8;British Grand Prix;1999-07-11
183;1999;9;Austrian Grand Prix;1999-07-25
184;1999;10;German Grand Prix;1999-08-01
185;1999;11;Hungarian Grand Prix;1999-08-15
186;1999;12;Belgian Grand Prix;1999-08-29
187;1999;13;Italian Grand Prix;1999-09-12
188;1999;14;European Grand Prix;1999-09-26
189;1999;15;Malaysian Grand Prix;1999-10-17
190;1999;16;Japanese Grand Prix;1999-10-31
191;1998;1;Australian Grand Prix;1998-03-08
192;1998;2;Brazilian Grand Prix;1998-03-29
193;1998;3;Argentine Grand Prix;1998-04-12
194;1998;4;San Marino Grand Prix;1998-04-26
195;1998;5;Spanish Grand Prix;1998-05-10
196;1998;6;Monaco Grand Prix;1998-05-24
197;1998;7;Canadian Grand Prix;1998-06-07
198;1998;8;French Grand Prix;1998-06-28
199;1998;9;British Grand Prix;1998-07-12
200;1998;10;Austrian Grand Prix;1998-07-26
201;1998;11;German Grand Prix;1998-08-02
202;1998;12;Hungarian Grand Prix;1998-08-16
203;1998;13;Belgian Grand Prix;1998-08-30
204;1998;14;Italian Grand Prix;1998-09-13
205;1998;15;Luxembourg Grand Prix;1998-09-27
206;1998;16;Japanese Grand Prix;1998-11-01
207;1997;1;Australian Grand Prix;1997-03-09
208;1997;2;Brazilian Grand Prix;1997-03-30
209;1997;3;Argentine Grand Prix;1997-04-13
210;1997;4;San Marino Grand Prix;1997-04-27
211;1997;5;Monaco Grand Prix;1997-05-11
212;1997;6;Spanish Grand Prix;1997-05-25
213;1997;7;Canadian Grand Prix;1997-06-15
214;1997;8;French Grand Prix;1997-06-29
215;1997;9;British Grand Prix;1997-07-13
216;1997;10;German Grand Prix;1997-07-27
217;1997;11;Hungarian Grand Prix;1997-08-10
218;1997;12;Belgian Grand Prix;1997-08-24
219;1997;13;Italian Grand Prix;1997-09-07
220;1997;14;Austrian Grand Prix;1997-09-21
221;1997;15;Luxembourg Grand Prix;1997-09-28
222;1997;16;Japanese Grand Prix;1997-10-12
223;1997;17;European Grand Prix;1997-10-26
224;1996;1;Australian Grand Prix;1996-03-10
225;1996;2;Brazilian Grand Prix;1996-03-31
226;1996;3;Argentine Grand Prix;1996-04-07
227;1996;4;European Grand Prix;1996-04-28
228;1996;5;San Marino Grand Prix;1996-05-05
229;1996;6;Monaco Grand Prix;1996-05-19
230;1996;7;Spanish Grand Prix;1996-06-02
231;1996;8;Canadian Grand Prix;1996-06-16
232;1996;9;French Grand Prix;1996-06-30
233;1996;10;British Grand Prix;1996-07-14
234;1996;11;German Grand Prix;1996-07-28
235;1996;12;Hungarian Grand Prix;1996-08-11
236;1996;13;Belgian Grand Prix;1996-08-25
237;1996;14;Italian Grand Prix;1996-09-08
238;1996;15;Portuguese Grand Prix;1996-09-22
239;1996;16;Japanese Grand Prix;1996-10-13
240;1995;1;Brazilian Grand Prix;1995-03-26
241;1995;2;Argentine Grand Prix;1995-04-09
242;1995;3;San Marino Grand Prix;1995-04-30
243;1995;4;Spanish Grand Prix;1995-05-14
244;1995;5;Monaco Grand Prix;1995-05-28
245;1995;6;Canadian Grand Prix;1995-06-11
246;1995;7;French Grand Prix;1995-07-02
247;1995;8;British Grand Prix;1995-07-16
248;1995;9;German Grand Prix;1995-07-30
249;1995;10;Hungarian Grand Prix;1995-08-13
250;1995;11;Belgian Grand Prix;1995-08-27
251;1995;12;Italian Grand Prix;1995-09-10
252;1995;13;Portuguese Grand Prix;1995-09-24
253;1995;14;European Grand Prix;1995-10-01
254;1995;15;Pacific Grand Prix;1995-10-22
255;1995;16;Japanese Grand Prix;1995-10-29
256;1995;17;Australian Grand Prix;1995-11-12
257;1994;1;Brazilian Grand Prix;1994-03-27
258;1994;2;Pacific Grand Prix;1994-04-17
259;1994;3;San Marino Grand Prix;1994-05-01
260;1994;4;Monaco Grand Prix;1994-05-15
261;1994;5;Spanish Grand Prix;1994-05-29
262;1994;6;Canadian Grand Prix;1994-06-12
263;1994;7;French Grand Prix;1994-07-03
264;1994;8;British Grand Prix;1994-07-10
265;1994;9;German Grand Prix;1994-07-31
266;1994;10;Hungarian Grand Prix;1994-08-14
267;1994;11;Belgian Grand Prix;1994-08-28
268;1994;12;Italian Grand Prix;1994-09-11
269;1994;13;Portuguese Grand Prix;1994-09-25
270;1994;14;European Grand Prix;1994-10-16
271;1994;15;Japanese Grand Prix;1994-11-06
272;1994;16;Australian Grand Prix;1994-11-13
273;1993;1;South African Grand Prix;1993-03-14
274;1993;2;Brazilian Grand Prix;1993-03-28
275;1993;3;European Grand Prix;1993-04-11
276;1993;4;San Marino Grand Prix;1993-04-25
277;1993;5;Spanish Grand Prix;1993-05-09
278;1993;6;Monaco Grand Prix;1993-05-23
279;1993;7;Canadian Grand Prix;1993-06-13
280;1993;8;French Grand Prix;1993-07-04
281;1993;9;British Grand Prix;1993-07-11
282;1993;10;German Grand Prix;1993-07-25
283;1993;11;Hungarian Grand Prix;1993-08-15
284;1993;12;Belgian Grand Prix;1993-08-29
285;1993;13;Italian Grand Prix;1993-09-12
286;1993;14;Portuguese Grand Prix;1993-09-26
287;1993;15;Japanese Grand Prix;1993-10-24
288;1993;16;Australian Grand Prix;1993-11-07
289;1992;1;South African Grand Prix;1992-03-01
290;1992;2;Mexican Grand Prix;1992-03-22
291;1992;3;Brazilian Grand Prix;1992-04-05
292;1992;4;Spanish Grand Prix;1992-05-03
293;1992;5;San Marino Grand Prix;1992-05-17
294;1992;6;Monaco Grand Prix;1992-05-31
295;1992;7;Canadian Grand Prix;1992-06-14
296;1992;8;French Grand Prix;1992-07-05
297;1992;9;British Grand Prix;1992-07-12
298;1992;10;German Grand Prix;1992-07-26
299;1992;11;Hungarian Grand Prix;1992-08-16
300;1992;12;Belgian Grand Prix;1992-08-30
301;1992;13;Italian Grand Prix;1992-09-13
302;1992;14;Portuguese Grand Prix;1992-09-27
303;1992;15;Japanese Grand Prix;1992-10-25
304;1992;16;Australian Grand Prix;1992-11-08
305;1991;1;United States Grand Prix;1991-03-10
306;1991;2;Brazilian Grand Prix;1991-03-24
307;1991;3;San Marino Grand Prix;1991-04-28
308;1991;4;Monaco Grand Prix;1991-05-12
309;1991;5;Canadian Grand Prix;1991-06-02
310;1991;6;Mexican Grand Prix;1991-06-16
311;1991;7;French Grand Prix;1991-07-07
312;1991;8;British Grand Prix;1991-07-14
313;1991;9;German Grand Prix;1991-07-28
314;1991;10;Hungarian Grand Prix;1991-08-11
315;1991;11;Belgian Grand Prix;1991-08-25
316;1991;12;Italian Grand Prix;1991-09-08
317;1991;13;Portuguese Grand Prix;1991-09-22
318;1991;14;Spanish Grand Prix;1991-09-29
319;1991;15;Japanese Grand Prix;1991-10-20
320;1991;16;Australian Grand Prix;1991-11-03
321;1990;1;United States Grand Prix;1990-03-11
322;1990;2;Brazilian Grand Prix;1990-03-25
323;1990;3;San Marino Grand Prix;1990-05-13
324;1990;4;Monaco Grand Prix;1990-05-27
325;1990;5;Canadian Grand Prix;1990-06-10
326;1990;6;Mexican Grand Prix;1990-06-24
327;1990;7;French Grand Prix;1990-07-08
328;1990;8;British Grand Prix;1990-07-15
329;1990;9;German Grand Prix;1990-07-29
330;1990;10;Hungarian Grand Prix;1990-08-12
331;1990;11;Belgian Grand Prix;1990-08-26
332;1990;12;Italian Grand Prix;1990-09-09
333;1990;13;Portuguese Grand Prix;1990-09-23
334;1990;14;Spanish Grand Prix;1990-09-30
335;1990;15;Japanese Grand Prix;1990-10-21
336;1990;16;Australian Grand Prix;1990-11-04
337;2010;1;Bahrain Grand Prix;2010-03-14
338;2010;2;Australian Grand Prix;2010-03-28
339;2010;3;Malaysian Grand Prix;2010-04-04
340;2010;4;Chinese Grand Prix;2010-04-18
341;2010;5;Spanish Grand Prix;2010-05-09
342;2010;6;Monaco Grand Prix;2010-05-16
343;2010;7;Turkish Grand Prix;2010-05-30
344;2010;8;Canadian Grand Prix;2010-06-13
345;2010;9;European Grand Prix;2010-06-27
346;2010;10;British Grand Prix;2010-07-11
347;2010;11;German Grand Prix;2010-07-25
348;2010;12;Hungarian Grand Prix;2010-08-01
349;2010;13;Belgian Grand Prix;2010-08-29
350;2010;14;Italian Grand Prix;2010-09-12
351;2010;15;Singapore Grand Prix;2010-09-26
352;2010;16;Japanese Grand Prix;2010-10-10
353;2010;17;Korean Grand Prix;2010-10-24
354;2010;18;Brazilian Grand Prix;2010-11-07
355;2010;19;Abu Dhabi Grand Prix;2010-11-14
356;1989;1;Brazilian Grand Prix;1989-03-26
357;1989;2;San Marino Grand Prix;1989-04-23
358;1989;3;Monaco Grand Prix;1989-05-07
359;1989;4;Mexican Grand Prix;1989-05-28
360;1989;5;United States Grand Prix;1989-06-04
361;1989;6;Canadian Grand Prix;1989-06-18
362;1989;7;French Grand Prix;1989-07-09
363;1989;8;British Grand Prix;1989-07-16
364;1989;9;German Grand Prix;1989-07-30
365;1989;10;Hungarian Grand Prix;1989-08-13
366;1989;11;Belgian Grand Prix;1989-08-27
367;1989;12;Italian Grand Prix;1989-09-10
368;1989;13;Portuguese Grand Prix;1989-09-24
369;1989;14;Spanish Grand Prix;1989-10-01
370;1989;15;Japanese Grand Prix;1989-10-22
371;1989;16;Australian Grand Prix;1989-11-05
372;1988;1;Brazilian Grand Prix;1988-04-03
373;1988;2;San Marino Grand Prix;1988-05-01
374;1988;3;Monaco Grand Prix;1988-05-15
375;1988;4;Mexican Grand Prix;1988-05-29
376;1988;5;Canadian Grand Prix;1988-06-12
377;1988;6;Detroit Grand Prix;1988-06-19
378;1988;7;French Grand Prix;1988-07-03
379;1988;8;British Grand Prix;1988-07-10
380;1988;9;German Grand Prix;1988-07-24
381;1988;10;Hungarian Grand Prix;1988-08-07
382;1988;11;Belgian Grand Prix;1988-08-28
383;1988;12;Italian Grand Prix;1988-09-11
384;1988;13;Portuguese Grand Prix;1988-09-25
385;1988;14;Spanish Grand Prix;1988-10-02
386;1988;15;Japanese Grand Prix;1988-10-30
387;1988;16;Australian Grand Prix;1988-11-13
388;1987;1;Brazilian Grand Prix;1987-04-12
389;1987;2;San Marino Grand Prix;1987-05-03
390;1987;3;Belgian Grand Prix;1987-05-17
391;1987;4;Monaco Grand Prix;1987-05-31
392;1987;5;Detroit Grand Prix;1987-06-21
393;1987;6;French Grand Prix;1987-07-05
394;1987;7;British Grand Prix;1987-07-12
395;1987;8;German Grand Prix;1987-07-26
396;1987;9;Hungarian Grand Prix;1987-08-09
397;1987;10;Austrian Grand Prix;1987-08-16
398;1987;11;Italian Grand Prix;1987-09-06
399;1987;12;Portuguese Grand Prix;1987-09-20
400;1987;13;Spanish Grand Prix;1987-09-27
401;1987;14;Mexican Grand Prix;1987-10-18
402;1987;15;Japanese Grand Prix;1987-11-01
403;1987;16;Australian Grand Prix;1987-11-15
404;1986;1;Brazilian Grand Prix;1986-03-23
405;1986;2;Spanish Grand Prix;1986-04-13
406;1986;3;San Marino Grand Prix;1986-04-27
407;1986;4;Monaco Grand Prix;1986-05-11
408;1986;5;Belgian Grand Prix;1986-05-25
409;1986;6;Canadian Grand Prix;1986-06-15
410;1986;7;Detroit Grand Prix;1986-06-22
411;1986;8;French Grand Prix;1986-07-06
412;1986;9;British Grand Prix;1986-07-13
413;1986;10;German Grand Prix;1986-07-27
414;1986;11;Hungarian Grand Prix;1986-08-10
415;1986;12;Austrian Grand Prix;1986-08-17
416;1986;13;Italian Grand Prix;1986-09-07
417;1986;14;Portuguese Grand Prix;1986-09-21
418;1986;15;Mexican Grand Prix;1986-10-12
419;1986;16;Australian Grand Prix;1986-10-26
420;1985;1;Brazilian Grand Prix;1985-04-07
421;1985;2;Portuguese Grand Prix;1985-04-21
422;1985;3;San Marino Grand Prix;1985-05-05
423;1985;4;Monaco Grand Prix;1985-05-19
424;1985;5;Canadian Grand Prix;1985-06-16
425;1985;6;Detroit Grand Prix;1985-06-23
426;1985;7;French Grand Prix;1985-07-07
427;1985;8;British Grand Prix;1985-07-21
428;1985;9;German Grand Prix;1985-08-04
429;1985;10;Austrian Grand Prix;1985-08-18
430;1985;11;Dutch Grand Prix;1985-08-25
431;1985;12;Italian Grand Prix;1985-09-08
432;1985;13;Belgian Grand Prix;1985-09-15
433;1985;14;European Grand Prix;1985-10-06
434;1985;15;South African Grand Prix;1985-10-19
435;1985;16;Australian Grand Prix;1985-11-03
436;1984;1;Brazilian Grand Prix;1984-03-25
437;1984;2;South African Grand Prix;1984-04-07
438;1984;3;Belgian Grand Prix;1984-04-29
439;1984;4;San Marino Grand Prix;1984-05-06
440;1984;5;French Grand Prix;1984-05-20
441;1984;6;Monaco Grand Prix;1984-06-03
442;1984;7;Canadian Grand Prix;1984-06-17
443;1984;8;Detroit Grand Prix;1984-06-24
444;1984;9;Dallas Grand Prix;1984-07-08
445;1984;10;British Grand Prix;1984-07-22
446;1984;11;German Grand Prix;1984-08-05
447;1984;12;Austrian Grand Prix;1984-08-19
448;1984;13;Dutch Grand Prix;1984-08-26
449;1984;14;Italian Grand Prix;1984-09-09
450;1984;15;European Grand Prix;1984-10-07
451;1984;16;Portuguese Grand Prix;1984-10-21
452;1983;1;Brazilian Grand Prix;1983-03-13
453;1983;2;United States Grand Prix West;1983-03-27
454;1983;3;French Grand Prix;1983-04-17
455;1983;4;San Marino Grand Prix;1983-05-01
456;1983;5;Monaco Grand Prix;1983-05-15
457;1983;6;Belgian Grand Prix;1983-05-22
458;1983;7;Detroit Grand Prix;1983-06-05
459;1983;8;Canadian Grand Prix;1983-06-12
460;1983;9;British Grand Prix;1983-07-16
461;1983;10;German Grand Prix;1983-08-07
462;1983;11;Austrian Grand Prix;1983-08-14
463;1983;12;Dutch Grand Prix;1983-08-28
464;1983;13;Italian Grand Prix;1983-09-11
465;1983;14;European Grand Prix;1983-09-25
466;1983;15;South African Grand Prix;1983-10-15
467;1982;1;South African Grand Prix;1982-01-23
468;1982;2;Brazilian Grand Prix;1982-03-21
469;1982;3;United States Grand Prix West;1982-04-04
470;1982;4;San Marino Grand Prix;1982-04-25
471;1982;5;Belgian Grand Prix;1982-05-09
472;1982;6;Monaco Grand Prix;1982-05-23
473;1982;7;Detroit Grand Prix;1982-06-06
474;1982;8;Canadian Grand Prix;1982-06-13
475;1982;9;Dutch Grand Prix;1982-07-03
476;1982;10;British Grand Prix;1982-07-18
477;1982;11;French Grand Prix;1982-07-25
478;1982;12;German Grand Prix;1982-08-08
479;1982;13;Austrian Grand Prix;1982-08-15
480;1982;14;Swiss Grand Prix;1982-08-29
481;1982;15;Italian Grand Prix;1982-09-12
482;1982;16;Caesars Palace Grand Prix;1982-09-25
483;1981;1;United States Grand Prix West;1981-03-15
484;1981;2;Brazilian Grand Prix;1981-03-29
485;1981;3;Argentine Grand Prix;1981-04-12
486;1981;4;San Marino Grand Prix;1981-05-03
487;1981;5;Belgian Grand Prix;1981-05-17
488;1981;6;Monaco Grand Prix;1981-05-31
489;1981;7;Spanish Grand Prix;1981-06-21
490;1981;8;French Grand Prix;1981-07-05
491;1981;9;British Grand Prix;1981-07-18
492;1981;10;German Grand Prix;1981-08-02
493;1981;11;Austrian Grand Prix;1981-08-16
494;1981;12;Dutch Grand Prix;1981-08-30
495;1981;13;Italian Grand Prix;1981-09-13
496;1981;14;Canadian Grand Prix;1981-09-27
497;1981;15;Caesars Palace Grand Prix;1981-10-17
498;1980;1;Argentine Grand Prix;1980-01-13
499;1980;2;Brazilian Grand Prix;1980-01-27
500;1980;3;South African Grand Prix;1980-03-01
501;1980;4;United States Grand Prix West;1980-03-30
502;1980;5;Belgian Grand Prix;1980-05-04
503;1980;6;Monaco Grand Prix;1980-05-18
504;1980;7;French Grand Prix;1980-06-29
505;1980;8;British Grand Prix;1980-07-13
506;1980;9;German Grand Prix;1980-08-10
507;1980;10;Austrian Grand Prix;1980-08-17
508;1980;11;Dutch Grand Prix;1980-08-31
509;1980;12;Italian Grand Prix;1980-09-14
510;1980;13;Canadian Grand Prix;1980-09-28
511;1980;14;United States Grand Prix;1980-10-05
512;1979;1;Argentine Grand Prix;1979-01-21
513;1979;2;Brazilian Grand Prix;1979-02-04
514;1979;3;South African Grand Prix;1979-03-03
515;1979;4;United States Grand Prix West;1979-04-08
516;1979;5;Spanish Grand Prix;1979-04-29
517;1979;6;Belgian Grand Prix;1979-05-13
518;1979;7;Monaco Grand Prix;1979-05-27
519;1979;8;French Grand Prix;1979-07-01
520;1979;9;British Grand Prix;1979-07-14
521;1979;10;German Grand Prix;1979-07-29
522;1979;11;Austrian Grand Prix;1979-08-12
523;1979;12;Dutch Grand Prix;1979-08-26
524;1979;13;Italian Grand Prix;1979-09-09
525;1979;14;Canadian Grand Prix;1979-09-30
526;1979;15;United States Grand Prix;1979-10-07
527;1978;1;Argentine Grand Prix;1978-01-15
528;1978;2;Brazilian Grand Prix;1978-01-29
529;1978;3;South African Grand Prix;1978-03-04
530;1978;4;United States Grand Prix West;1978-04-02
531;1978;5;Monaco Grand Prix;1978-05-07
532;1978;6;Belgian Grand Prix;1978-05-21
533;1978;7;Spanish Grand Prix;1978-06-04
534;1978;8;Swedish Grand Prix;1978-06-17
535;1978;9;French Grand Prix;1978-07-02
536;1978;10;British Grand Prix;1978-07-16
537;1978;11;German Grand Prix;1978-07-30
538;1978;12;Austrian Grand Prix;1978-08-13
539;1978;13;Dutch Grand Prix;1978-08-27
540;1978;14;Italian Grand Prix;1978-09-10
541;1978;15;United States Grand Prix;1978-10-01
542;1978;16;Canadian Grand Prix;1978-10-08
543;1977;1;Argentine Grand Prix;1977-01-09
544;1977;2;Brazilian Grand Prix;1977-01-23
545;1977;3;South African Grand Prix;1977-03-05
546;1977;4;United States Grand Prix West;1977-04-03
547;1977;5;Spanish Grand Prix;1977-05-08
548;1977;6;Monaco Grand Prix;1977-05-22
549;1977;7;Belgian Grand Prix;1977-06-05
550;1977;8;Swedish Grand Prix;1977-06-19
551;1977;9;French Grand Prix;1977-07-03
552;1977;10;British Grand Prix;1977-07-16
553;1977;11;German Grand Prix;1977-07-31
554;1977;12;Austrian Grand Prix;1977-08-14
555;1977;13;Dutch Grand Prix;1977-08-28
556;1977;14;Italian Grand Prix;1977-09-11
557;1977;15;United States Grand Prix;1977-10-02
558;1977;16;Canadian Grand Prix;1977-10-09
559;1977;17;Japanese Grand Prix;1977-10-23
560;1976;1;Brazilian Grand Prix;1976-01-25
561;1976;2;South African Grand Prix;1976-03-06
562;1976;3;United States Grand Prix West;1976-03-28
563;1976;4;Spanish Grand Prix;1976-05-02
564;1976;5;Belgian Grand Prix;1976-05-16
565;1976;6;Monaco Grand Prix;1976-05-30
566;1976;7;Swedish Grand Prix;1976-06-13
567;1976;8;French Grand Prix;1976-07-04
568;1976;9;British Grand Prix;1976-07-18
569;1976;10;German Grand Prix;1976-08-01
570;1976;11;Austrian Grand Prix;1976-08-15
571;1976;12;Dutch Grand Prix;1976-08-29
572;1976;13;Italian Grand Prix;1976-09-12
573;1976;14;Canadian Grand Prix;1976-10-03
574;1976;15;United States Grand Prix;1976-10-10
575;1976;16;Japanese Grand Prix;1976-10-24
576;1975;1;Argentine Grand Prix;1975-01-12
577;1975;2;Brazilian Grand Prix;1975-01-26
578;1975;3;South African Grand Prix;1975-03-01
579;1975;4;Spanish Grand Prix;1975-04-27
580;1975;5;Monaco Grand Prix;1975-05-11
581;1975;6;Belgian Grand Prix;1975-05-25
582;1975;7;Swedish Grand Prix;1975-06-08
583;1975;8;Dutch Grand Prix;1975-06-22
584;1975;9;French Grand Prix;1975-07-06
585;1975;10;British Grand Prix;1975-07-19
586;1975;11;German Grand Prix;1975-08-03
587;1975;12;Austrian Grand Prix;1975-08-17
588;1975;13;Italian Grand Prix;1975-09-07
589;1975;14;United States Grand Prix;1975-10-05
590;1974;1;Argentine Grand Prix;1974-01-13
591;1974;2;Brazilian Grand Prix;1974-01-27
592;1974;3;South African Grand Prix;1974-03-30
593;1974;4;Spanish Grand Prix;1974-04-28
594;1974;5;Belgian Grand Prix;1974-05-12
595;1974;6;Monaco Grand Prix;1974-05-26
596;1974;7;Swedish Grand Prix;1974-06-09
597;1974;8;Dutch Grand Prix;1974-06-23
598;1974;9;French Grand Prix;1974-07-07
599;1974;10;British Grand Prix;1974-07-20
600;1974;11;German Grand Prix;1974-08-04
601;1974;12;Austrian Grand Prix;1974-08-18
602;1974;13;Italian Grand Prix;1974-09-08
603;1974;14;Canadian Grand Prix;1974-09-22
604;1974;15;United States Grand Prix;1974-10-06
605;1973;1;Argentine Grand Prix;1973-01-28
606;1973;2;Brazilian Grand Prix;1973-02-11
607;1973;3;South African Grand Prix;1973-03-03
608;1973;4;Spanish Grand Prix;1973-04-29
609;1973;5;Belgian Grand Prix;1973-05-20
610;1973;6;Monaco Grand Prix;1973-06-03
611;1973;7;Swedish Grand Prix;1973-06-17
612;1973;8;French Grand Prix;1973-07-01
613;1973;9;British Grand Prix;1973-07-14
614;1973;10;Dutch Grand Prix;1973-07-29
615;1973;11;German Grand Prix;1973-08-05
616;1973;12;Austrian Grand Prix;1973-08-19
617;1973;13;Italian Grand Prix;1973-09-09
618;1973;14;Canadian Grand Prix;1973-09-23
619;1973;15;United States Grand Prix;1973-10-07
620;1972;1;Argentine Grand Prix;1972-01-23
621;1972;2;South African Grand Prix;1972-03-04
622;1972;3;Spanish Grand Prix;1972-05-01
623;1972;4;Monaco Grand Prix;1972-05-14
624;1972;5;Belgian Grand Prix;1972-06-04
625;1972;6;French Grand Prix;1972-07-02
626;1972;7;British Grand Prix;1972-07-15
627;1972;8;German Grand Prix;1972-07-30
628;1972;9;Austrian Grand Prix;1972-08-13
629;1972;10;Italian Grand Prix;1972-09-10
630;1972;11;Canadian Grand Prix;1972-09-24
631;1972;12;United States Grand Prix;1972-10-08
632;1971;1;South African Grand Prix;1971-03-06
633;1971;2;Spanish Grand Prix;1971-04-18
634;1971;3;Monaco Grand Prix;1971-05-23
635;1971;4;Dutch Grand Prix;1971-06-20
636;1971;5;French Grand Prix;1971-07-04
637;1971;6;British Grand Prix;1971-07-17
638;1971;7;German Grand Prix;1971-08-01
639;1971;8;Austrian Grand Prix;1971-08-15
640;1971;9;Italian Grand Prix;1971-09-05
641;1971;10;Canadian Grand Prix;1971-09-19
642;1971;11;United States Grand Prix;1971-10-03
643;1970;1;South African Grand Prix;1970-03-07
644;1970;2;Spanish Grand Prix;1970-04-19
645;1970;3;Monaco Grand Prix;1970-05-10
646;1970;4;Belgian Grand Prix;1970-06-07
647;1970;5;Dutch Grand Prix;1970-06-21
648;1970;6;French Grand Prix;1970-07-05
649;1970;7;British Grand Prix;1970-07-18
650;1970;8;German Grand Prix;1970-08-02
651;1970;9;Austrian Grand Prix;1970-08-16
652;1970;10;Italian Grand Prix;1970-09-06
653;1970;11;Canadian Grand Prix;1970-09-20
654;1970;12;United States Grand Prix;1970-10-04
655;1970;13;Mexican Grand Prix;1970-10-25
656;1969;1;South African Grand Prix;1969-03-01
657;1969;2;Spanish Grand Prix;1969-05-04
658;1969;3;Monaco Grand Prix;1969-05-18
659;1969;4;Dutch Grand Prix;1969-06-21
660;1969;5;French Grand Prix;1969-07-06
661;1969;6;British Grand Prix;1969-07-19
662;1969;7;German Grand Prix;1969-08-03
663;1969;8;Italian Grand Prix;1969-09-07
664;1969;9;Canadian Grand Prix;1969-09-20
665;1969;10;United States Grand Prix;1969-10-05
666;1969;11;Mexican Grand Prix;1969-10-19
667;1968;1;South African Grand Prix;1968-01-01
668;1968;2;Spanish Grand Prix;1968-05-12
669;1968;3;Monaco Grand Prix;1968-05-26
670;1968;4;Belgian Grand Prix;1968-06-09
671;1968;5;Dutch Grand Prix;1968-06-23
672;1968;6;French Grand Prix;1968-07-07
673;1968;7;British Grand Prix;1968-07-20
674;1968;8;German Grand Prix;1968-08-04
675;1968;9;Italian Grand Prix;1968-09-08
676;1968;10;Canadian Grand Prix;1968-09-22
677;1968;11;United States Grand Prix;1968-10-06
678;1968;12;Mexican Grand Prix;1968-11-03
679;1967;1;South African Grand Prix;1967-01-02
680;1967;2;Monaco Grand Prix;1967-05-07
681;1967;3;Dutch Grand Prix;1967-06-04
682;1967;4;Belgian Grand Prix;1967-06-18
683;1967;5;French Grand Prix;1967-07-02
684;1967;6;British Grand Prix;1967-07-15
685;1967;7;German Grand Prix;1967-08-06
686;1967;8;Canadian Grand Prix;1967-08-27
687;1967;9;Italian Grand Prix;1967-09-10
688;1967;10;United States Grand Prix;1967-10-01
689;1967;11;Mexican Grand Prix;1967-10-22
690;1966;1;Monaco Grand Prix;1966-05-22
691;1966;2;Belgian Grand Prix;1966-06-12
692;1966;3;French Grand Prix;1966-07-03
693;1966;4;British Grand Prix;1966-07-16
694;1966;5;Dutch Grand Prix;1966-07-24
695;1966;6;German Grand Prix;1966-08-07
696;1966;7;Italian Grand Prix;1966-09-04
697;1966;8;United States Grand Prix;1966-10-02
698;1966;9;Mexican Grand Prix;1966-10-23
699;1965;1;South African Grand Prix;1965-01-01
700;1965;2;Monaco Grand Prix;1965-05-30
701;1965;3;Belgian Grand Prix;1965-06-13
702;1965;4;French Grand Prix;1965-06-27
703;1965;5;British Grand Prix;1965-07-10
704;1965;6;Dutch Grand Prix;1965-07-18
705;1965;7;German Grand Prix;1965-08-01
706;1965;8;Italian Grand Prix;1965-09-12
707;1965;9;United States Grand Prix;1965-10-03
708;1965;10;Mexican Grand Prix;1965-10-24
709;1964;1;Monaco Grand Prix;1964-05-10
710;1964;2;Dutch Grand Prix;1964-05-24
711;1964;3;Belgian Grand Prix;1964-06-14
712;1964;4;French Grand Prix;1964-06-28
713;1964;5;British Grand Prix;1964-07-11
714;1964;6;German Grand Prix;1964-08-02
715;1964;7;Austrian Grand Prix;1964-08-23
716;1964;8;Italian Grand Prix;1964-09-06
717;1964;9;United States Grand Prix;1964-10-04
718;1964;10;Mexican Grand Prix;1964-10-25
719;1963;1;Monaco Grand Prix;1963-05-26
720;1963;2;Belgian Grand Prix;1963-06-09
721;1963;3;Dutch Grand Prix;1963-06-23
722;1963;4;French Grand Prix;1963-06-30
723;1963;5;British Grand Prix;1963-07-20
724;1963;6;German Grand Prix;1963-08-04
725;1963;7;Italian Grand Prix;1963-09-08
726;1963;8;United States Grand Prix;1963-10-06
727;1963;9;Mexican Grand Prix;1963-10-27
728;1963;10;South African Grand Prix;1963-12-28
729;1962;1;Dutch Grand Prix;1962-05-20
730;1962;2;Monaco Grand Prix;1962-06-03
731;1962;3;Belgian Grand Prix;1962-06-17
732;1962;4;French Grand Prix;1962-07-08
733;1962;5;British Grand Prix;1962-07-21
734;1962;6;German Grand Prix;1962-08-05
735;1962;7;Italian Grand Prix;1962-09-16
736;1962;8;United States Grand Prix;1962-10-07
737;1962;9;South African Grand Prix;1962-12-29
738;1961;1;Monaco Grand Prix;1961-05-14
739;1961;2;Dutch Grand Prix;1961-05-22
740;1961;3;Belgian Grand Prix;1961-06-18
741;1961;4;French Grand Prix;1961-07-02
742;1961;5;British Grand Prix;1961-07-15
743;1961;6;German Grand Prix;1961-08-06
744;1961;7;Italian Grand Prix;1961-09-10
745;1961;8;United States Grand Prix;1961-10-08
746;1960;1;Argentine Grand Prix;1960-02-07
747;1960;2;Monaco Grand Prix;1960-05-29
748;1960;3;Indianapolis 500;1960-05-30
749;1960;4;Dutch Grand Prix;1960-06-06
750;1960;5;Belgian Grand Prix;1960-06-19
751;1960;6;French Grand Prix;1960-07-03
752;1960;7;British Grand Prix;1960-07-16
753;1960;8;Portuguese Grand Prix;1960-08-14
754;1960;9;Italian Grand Prix;1960-09-04
755;1960;10;United States Grand Prix;1960-11-20
756;1959;1;Monaco Grand Prix;1959-05-10
757;1959;2;Indianapolis 500;1959-05-30
758;1959;3;Dutch Grand Prix;1959-05-31
759;1959;4;French Grand Prix;1959-07-05
760;1959;5;British Grand Prix;1959-07-18
761;1959;6;German Grand Prix;1959-08-02
762;1959;7;Portuguese Grand Prix;1959-08-23
763;1959;8;Italian Grand Prix;1959-09-13
764;1959;9;United States Grand Prix;1959-12-12
765;1958;1;Argentine Grand Prix;1958-01-19
766;1958;2;Monaco Grand Prix;1958-05-18
767;1958;3;Dutch Grand Prix;1958-05-26
768;1958;4;Indianapolis 500;1958-05-30
769;1958;5;Belgian Grand Prix;1958-06-15
770;1958;6;French Grand Prix;1958-07-06
771;1958;7;British Grand Prix;1958-07-19
772;1958;8;German Grand Prix;1958-08-03
773;1958;9;Portuguese Grand Prix;1958-08-24
774;1958;10;Italian Grand Prix;1958-09-07
775;1958;11;Moroccan Grand Prix;1958-10-19
776;1957;1;Argentine Grand Prix;1957-01-13
777;1957;2;Monaco Grand Prix;1957-05-19
778;1957;3;Indianapolis 500;1957-05-30
779;1957;4;French Grand Prix;1957-07-07
780;1957;5;British Grand Prix;1957-07-20
781;1957;6;German Grand Prix;1957-08-04
782;1957;7;Pescara Grand Prix;1957-08-18
783;1957;8;Italian Grand Prix;1957-09-08
784;1956;1;Argentine Grand Prix;1956-01-22
785;1956;2;Monaco Grand Prix;1956-05-13
786;1956;3;Indianapolis 500;1956-05-30
787;1956;4;Belgian Grand Prix;1956-06-03
788;1956;5;French Grand Prix;1956-07-01
789;1956;6;British Grand Prix;1956-07-14
790;1956;7;German Grand Prix;1956-08-05
791;1956;8;Italian Grand Prix;1956-09-02
792;1955;1;Argentine Grand Prix;1955-01-16
793;1955;2;Monaco Grand Prix;1955-05-22
794;1955;3;Indianapolis 500;1955-05-30
795;1955;4;Belgian Grand Prix;1955-06-05
796;1955;5;Dutch Grand Prix;1955-06-19
797;1955;6;British Grand Prix;1955-07-16
798;1955;7;Italian Grand Prix;1955-09-11
799;1954;1;Argentine Grand Prix;1954-01-17
800;1954;2;Indianapolis 500;1954-05-31
801;1954;3;Belgian Grand Prix;1954-06-20
802;1954;4;French Grand Prix;1954-07-04
803;1954;5;British Grand Prix;1954-07-17
804;1954;6;German Grand Prix;1954-08-01
805;1954;7;Swiss Grand Prix;1954-08-22
806;1954;8;Italian Grand Prix;1954-09-05
807;1954;9;Spanish Grand Prix;1954-10-24
808;1953;1;Argentine Grand Prix;1953-01-18
809;1953;2;Indianapolis 500;1953-05-30
810;1953;3;Dutch Grand Prix;1953-06-07
811;1953;4;Belgian Grand Prix;1953-06-21
812;1953;5;French Grand Prix;1953-07-05
813;1953;6;British Grand Prix;1953-07-18
814;1953;7;German Grand Prix;1953-08-02
815;1953;8;Swiss Grand Prix;1953-08-23
816;1953;9;Italian Grand Prix;1953-09-13
817;1952;1;Swiss Grand Prix;1952-05-18
818;1952;2;Indianapolis 500;1952-05-30
819;1952;3;Belgian Grand Prix;1952-06-22
820;1952;4;French Grand Prix;1952-07-06
821;1952;5;British Grand Prix;1952-07-19
822;1952;6;German Grand Prix;1952-08-03
823;1952;7;Dutch Grand Prix;1952-08-17
824;1952;8;Italian Grand Prix;1952-09-07
825;1951;1;Swiss Grand Prix;1951-05-27
826;1951;2;Indianapolis 500;1951-05-30
827;1951;3;Belgian Grand Prix;1951-06-17
828;1951;4;French Grand Prix;1951-07-01
829;1951;5;British Grand Prix;1951-07-14
830;1951;6;German Grand Prix;1951-07-29
831;1951;7;Italian Grand Prix;1951-09-16
832;1951;8;Spanish Grand Prix;1951-10-28
833;1950;1;British Grand Prix;1950-05-13
834;1950;2;Monaco Grand Prix;1950-05-21
835;1950;3;Indianapolis 500;1950-05-30
836;1950;4;Swiss Grand Prix;1950-06-04
837;1950;5;Belgian Grand Prix;1950-06-18
838;1950;6;French Grand Prix;1950-07-02
839;1950;7;Italian Grand Prix;1950-09-03
841;2011;1;Australian Grand Prix;2011-03-27
842;2011;2;Malaysian Grand Prix;2011-04-10
843;2011;3;Chinese Grand Prix;2011-04-17
844;2011;4;Turkish Grand Prix;2011-05-08
845;2011;5;Spanish Grand Prix;2011-05-22
846;2011;6;Monaco Grand Prix;2011-05-29
847;2011;7;Canadian Grand Prix;2011-06-12
848;2011;8;European Grand Prix;2011-06-26
849;2011;9;British Grand Prix;2011-07-10
850;2011;10;German Grand Prix;2011-07-24
851;2011;11;Hungarian Grand Prix;2011-07-31
852;2011;12;Belgian Grand Prix;2011-08-28
853;2011;13;Italian Grand Prix;2011-09-11
854;2011;14;Singapore Grand Prix;2011-09-25
855;2011;15;Japanese Grand Prix;2011-10-09
856;2011;16;Korean Grand Prix;2011-10-16
857;2011;17;Indian Grand Prix;2011-10-30
858;2011;18;Abu Dhabi Grand Prix;2011-11-13
859;2011;19;Brazilian Grand Prix;2011-11-27
860;2012;1;Australian Grand Prix;2012-03-18
861;2012;2;Malaysian Grand Prix;2012-03-25
862;2012;3;Chinese Grand Prix;2012-04-15
863;2012;4;Bahrain Grand Prix;2012-04-22
864;2012;5;Spanish Grand Prix;2012-05-13
865;2012;6;Monaco Grand Prix;2012-05-27
866;2012;7;Canadian Grand Prix;2012-06-10
867;2012;8;European Grand Prix;2012-06-24
868;2012;9;British Grand Prix;2012-07-08
869;2012;10;German Grand Prix;2012-07-22
870;2012;11;Hungarian Grand Prix;2012-07-29
871;2012;12;Belgian Grand Prix;2012-09-02
872;2012;13;Italian Grand Prix;2012-09-09
873;2012;14;Singapore Grand Prix;2012-09-23
874;2012;15;Japanese Grand Prix;2012-10-07
875;2012;16;Korean Grand Prix;2012-10-14
876;2012;17;Indian Grand Prix;2012-10-28
877;2012;18;Abu Dhabi Grand Prix;2012-11-04
878;2012;19;United States Grand Prix;2012-11-18
879;2012;20;Brazilian Grand Prix;2012-11-25
880;2013;1;Australian Grand Prix;2013-03-17
881;2013;2;Malaysian Grand Prix;2013-03-24
882;2013;3;Chinese Grand Prix;2013-04-14
883;2013;4;Bahrain Grand Prix;2013-04-21
884;2013;5;Spanish Grand Prix;2013-05-12
885;2013;6;Monaco Grand Prix;2013-05-26
886;2013;7;Canadian Grand Prix;2013-06-09
887;2013;8;British Grand Prix;2013-06-30
888;2013;9;German Grand Prix;2013-07-07
890;2013;10;Hungarian Grand Prix;2013-07-28
891;2013;11;Belgian Grand Prix;2013-08-25
892;2013;12;Italian Grand Prix;2013-09-08
893;2013;13;Singapore Grand Prix;2013-09-22
894;2013;14;Korean Grand Prix;2013-10-06
895;2013;15;Japanese Grand Prix;2013-10-13
896;2013;16;Indian Grand Prix;2013-10-27
897;2013;17;Abu Dhabi Grand Prix;2013-11-03
898;2013;18;United States Grand Prix;2013-11-17
899;2013;19;Brazilian Grand Prix;2013-11-24
900;2014;1;Australian Grand Prix;2014-03-16
901;2014;2;Malaysian Grand Prix;2014-03-30
902;2014;3;Bahrain Grand Prix;2014-04-06
903;2014;4;Chinese Grand Prix;2014-04-20
904;2014;5;Spanish Grand Prix;2014-05-11
905;2014;6;Monaco Grand Prix;2014-05-25
906;2014;7;Canadian Grand Prix;2014-06-08
907;2014;8;Austrian Grand Prix;2014-06-22
908;2014;9;British Grand Prix;2014-07-06
909;2014;10;German Grand Prix;2014-07-20
910;2014;11;Hungarian Grand Prix;2014-07-27
911;2014;12;Belgian Grand Prix;2014-08-24
912;2014;13;Italian Grand Prix;2014-09-07
913;2014;14;Singapore Grand Prix;2014-09-21
914;2014;15;Japanese Grand Prix;2014-10-05
915;2014;16;Russian Grand Prix;2014-10-12
916;2014;17;United States Grand Prix;2014-11-02
917;2014;18;Brazilian Grand Prix;2014-11-09
918;2014;19;Abu Dhabi Grand Prix;2014-11-23
931;2015;6;Monaco Grand Prix;2015-05-24
932;2015;7;Canadian Grand Prix;2015-06-07
929;2015;4;Bahrain Grand Prix;2015-04-19
930;2015;5;Spanish Grand Prix;2015-05-10
928;2015;3;Chinese Grand Prix;2015-04-12
926;2015;1;Australian Grand Prix;2015-03-15
927;2015;2;Malaysian Grand Prix;2015-03-29
933;2015;8;Austrian Grand Prix;2015-06-21
934;2015;9;British Grand Prix;2015-07-05
936;2015;10;Hungarian Grand Prix;2015-07-26
937;2015;11;Belgian Grand Prix;2015-08-23
938;2015;12;Italian Grand Prix;2015-09-06
939;2015;13;Singapore Grand Prix;2015-09-20
940;2015;14;Japanese Grand Prix;2015-09-27
941;2015;15;Russian Grand Prix;2015-10-11
942;2015;16;United States Grand Prix;2015-10-25
943;2015;17;Mexican Grand Prix;2015-11-01
944;2015;18;Brazilian Grand Prix;2015-11-15
945;2015;19;Abu Dhabi Grand Prix;2015-11-29
948;2016;1;Australian Grand Prix;2016-03-20
949;2016;2;Bahrain Grand Prix;2016-04-03
950;2016;3;Chinese Grand Prix;2016-04-17
951;2016;4;Russian Grand Prix;2016-05-01
952;2016;5;Spanish Grand Prix;2016-05-15
953;2016;6;Monaco Grand Prix;2016-05-29
954;2016;7;Canadian Grand Prix;2016-06-12
955;2016;8;European Grand Prix;2016-06-19
956;2016;9;Austrian Grand Prix;2016-07-03
957;2016;10;British Grand Prix;2016-07-10
958;2016;11;Hungarian Grand Prix;2016-07-24
959;2016;12;German Grand Prix;2016-07-31
960;2016;13;Belgian Grand Prix;2016-08-28
961;2016;14;Italian Grand Prix;2016-09-04
962;2016;15;Singapore Grand Prix;2016-09-18
963;2016;16;Malaysian Grand Prix;2016-10-02
964;2016;17;Japanese Grand Prix;2016-10-09
965;2016;18;United States Grand Prix;2016-10-23
966;2016;19;Mexican Grand Prix;2016-10-30
967;2016;20;Brazilian Grand Prix;2016-11-13
968;2016;21;Abu Dhabi Grand Prix;2016-11-27
969;2017;1;Australian Grand Prix;2017-03-26
970;2017;2;Chinese Grand Prix;2017-04-09
971;2017;3;Bahrain Grand Prix;2017-04-16
972;2017;4;Russian Grand Prix;2017-04-30
973;2017;5;Spanish Grand Prix;2017-05-14
974;2017;6;Monaco Grand Prix;2017-05-28
975;2017;7;Canadian Grand Prix;2017-06-11
976;2017;8;Azerbaijan Grand Prix;2017-06-25
977;2017;9;Austrian Grand Prix;2017-07-09
978;2017;10;British Grand Prix;2017-07-16
979;2017;11;Hungarian Grand Prix;2017-07-30
980;2017;12;Belgian Grand Prix;2017-08-27
981;2017;13;Italian Grand Prix;2017-09-03
982;2017;14;Singapore Grand Prix;2017-09-17
983;2017;15;Malaysian Grand Prix;2017-10-01
984;2017;16;Japanese Grand Prix;2017-10-08
985;2017;17;United States Grand Prix;2017-10-22
986;2017;18;Mexican Grand Prix;2017-10-29
987;2017;19;Brazilian Grand Prix;2017-11-12
988;2017;20;Abu Dhabi Grand Prix;2017-11-26
989;2018;1;Australian Grand Prix;2018-03-25
990;2018;2;Bahrain Grand Prix;2018-04-08
991;2018;3;Chinese Grand Prix;2018-05-15
992;2018;4;Azerbaijan Grand Prix;2018-04-29
993;2018;5;Spanish Grand Prix;2018-05-13
994;2018;6;Monaco Grand Prix;2018-05-27
995;2018;7;Canadian Grand Prix;2018-06-10
996;2018;8;French Grand Prix;2018-06-24
997;2018;9;Austrian Grand Prix;2018-07-01
998;2018;10;British Grand Prix;2018-07-08
999;2018;11;German Grand Prix;2018-07-22
1000;2018;12;Hungarian Grand Prix;2018-07-29
1001;2018;13;Belgian Grand Prix;2018-08-26
1002;2018;14;Italian Grand Prix;2018-09-02
1003;2018;15;Singapore Grand Prix;2018-09-16
1004;2018;16;Russian Grand Prix;2018-09-30
1005;2018;17;Japanese Grand Prix;2018-10-07
1006;2018;18;United States Grand Prix;2018-10-21
1007;2018;19;Mexican Grand Prix;2018-10-28
1008;2018;20;Brazilian Grand Prix;2018-11-11
1009;2018;21;Abu Dhabi Grand Prix;2018-11-25
